INCIDENT INFO,START_DT,QUADRANT,Longitude,Latitude,DESCRIPTION_CLEAN
 51 Street and 32 Avenue SW ,2025-09-19 16:27:58,SW,-114.16096074904,51.02543656008,Pedestrian incident - EMS dispatched
 Charleswood Drive and Cherokee Drive NW ,2025-09-19 07:57:28,NW,-114.12181911764,51.08571316017,Pedestrian incident - EMS on site
 4 Avenue and 68 Street NE ,2025-09-18 17:13:44,NE,-113.93503593583,51.05576688512,Pedestrian incident - EMS on site
 17 Avenue and 10 Street SW ,2025-09-18 16:23:16,SW,-114.08703931045,51.03781307213,Pedestrian incident - EMS on site
 Nose Hill Drive and John Laurie Boulevard NW ,2025-09-16 06:23:19,NW,-114.19489513405,51.1274203655,Pedestrian incident - EMS on site
 Sarcee Road and Richardson Wy SW ,2025-09-15 21:57:37,SW,-114.13882151741,51.01251967473,Pedestrian incident - EMS dispatched
 47 Street and Bowness Road NW ,2025-09-15 16:45:31,NW,-114.1621374623,51.07383862559,Pedestrian incident - EMS dispatched
 Falconridge Boulevard and 64 Avenue NE ,2025-09-15 13:52:48,NE,-113.94734023478,51.11068938193,Pedestrian incident - EMS dispatched
 Eastbound Rundlehorn Drive and 52 Street NE ,2025-09-15 05:33:22,NE,-113.95850399876,51.07167451687,Pedestrian incident - EMS on site
 Southbound Elbow Drive between 69 Avenue and 70 Avenue SW ,2025-09-14 14:46:06,SW,-114.08338976364,50.99096278426,Pedestrian incident - EMS on site
 78 Avenue west of Macleod Trail SW ,2025-09-13 18:12:31,SW,-114.07322833757,50.98321784934,Pedestrian incident - EMS dispatched
 Edmonton Trail and 25 Avenue NE ,2025-09-13 17:35:02,NE,-114.05598595338,51.07515827414,Pedestrian incident - EMS dispatched
 Bowness Road and 65 Street NW ,2025-09-13 13:41:00,NW,-114.18385776807,51.08737704688,Pedestrian incident - EMS dispatched
 8 Street and 13 Avenue SW ,2025-09-13 00:08:50,SW,-114.08159130977,51.04099775356,Pedestrian incident - EMS on site
 14 Street at 7 Avenue NW ,2025-09-12 08:40:51,NW,-114.09472671488,51.05889466501,Pedestrian incident - EMS dispatched
 10 Street and 7 Avenue SW ,2025-09-11 18:18:16,NW,-114.08611513645,51.04753849674,Pedestrian incident - EMS on site
 1 Street and 14 Avenue SW ,2025-09-11 15:55:08,SE,-114.06591829079,51.03959616456,Pedestrian incident - EMS on site
 Tuscany Boulevard and Tuscany Wy NW ,2025-09-10 17:46:11,NW,-114.24896048896,51.12429249329,Pedestrian incident - EMS on site
 Northbound Home Road and 18 Avenue NW ,2025-09-10 16:02:35,NW,-114.16439822799,51.07570118954,Pedestrian incident - EMS on site
 Acadia Drive and 97 Avenue SE ,2025-09-10 16:00:29,SE,-114.04842259406,50.96611347451,Pedestrian incident - EMS on site
 14 Street and 5 Avenue SW ,2025-09-09 16:41:15,NW,-114.09470673659,51.04756241609,Pedestrian incident - EMS on site
 Walden Gv and Walden Boulevard SE ,2025-09-09 15:39:27,SE,-114.02988978291,50.86959714295,Pedestrian incident - EMS on site
 Taralea Pa and Taralea Gr NE ,2025-09-09 15:29:32,NE,-113.93995272892,51.11640924839,Pedestrian incident - EMS on site
 Westbound 17 Avenue and 52 Street SE ,2025-09-09 14:31:55,SE,-113.95851517298,51.0379416807,Pedestrian incident - EMS on site
 10 Avenue at 11 Street SW ,2025-09-09 12:15:45,SW,-114.08878305939,51.04404542726,Pedestrian incident - EMS dispatched
 17 Avenue and 45 Street SW ,2025-09-09 07:49:22,SW,-114.15281663747,51.03780284073,Pedestrian incident - EMS on site
 7 Avenue and 5 Street SE ,2025-09-08 19:25:51,NE,-114.05097571779,51.04614672731,Pedestrian incident - EMS on site
 90 Avenue and Bonaventure Drive SE ,2025-09-08 15:54:35,SE,-114.06872071763,50.97224965842,Pedestrian incident - EMS on site
 Temple Drive and 43 Avenue NE ,2025-09-05 17:51:45,NE,-113.939394643,51.0915596093,Pedestrian incident - EMS on site
 26 Street and 37 Avenue NE ,2025-09-05 13:33:40,NE,-113.99776802686,51.08665929745,Pedestrian incident - EMS on site
 Bridlewood Avenue and 24 Street SW ,2025-09-04 21:20:42,SW,-114.11711571647,50.89737305982,Pedestrian incident - EMS on site
 Spiller Road and 22 Avenue SE ,2025-09-04 21:07:50,SE,-114.04410769531,51.03379276147,Pedestrian incident - EMS on site
 Falconridge Drive and Castleridge Boulevard NE ,2025-09-03 19:22:19,NE,-113.95825706564,51.09983295432,Pedestrian incident - EMS dispatched
 68 Street and Falconridge Drive NE ,2025-09-01 22:05:43,NE,-113.93512556997,51.10144396103,Pedestrian incident - EMS on site
 Westbound 16 Avenue and 10 Street NW ,2025-09-01 15:15:50,NW,-114.0831172301,51.06698065874,Pedestrian incident - EMS on site
 41 Street and 17 Avenue SE ,2025-08-31 22:07:42,SE,-113.97432931821,51.03795206759,Pedestrian incident - EMS dispatched
 Westbound Glenmore Trail after Blackfoot Trail SE ,2025-08-31 12:37:53,SE,-114.05691173484,50.99398110109,Pedestrian incident - EMS on site
 83 Street and Bowness Road NW ,2025-08-31 08:34:12,NW,-114.20802625169,51.09040427046,Pedestrian incident - EMS dispatched
 2727 Centre Avenue SE ,2025-08-30 07:03:10,NE,-113.99498764009,51.05144926879,Pedestrian incident - EMS dispatched
 Mcknight Boulevard and Falconridge Boulevard NE ,2025-08-29 23:00:27,NE,-113.96091422895,51.09615018316,Pedestrian incident - EMS on site
 17 Avenue east of 33 Street SW ,2025-08-27 19:44:27,SW,-114.1348875151,51.03783677495,Pedestrian incident - EMS dispatched
 Panatella Boulevard and Panamount Street NW ,2025-08-26 20:07:45,NW,-114.0880407987,51.16333821444,Pedestrian incident - EMS on site
 15 Avenue and 2 Street SW ,2025-08-26 04:06:00,SE,-114.06844400193,51.03872855097,Pedestrian incident - EMS on site
 Northbound 52 Street and 32 Avenue NE ,2025-08-25 21:39:20,NE,-113.95892972241,51.08157590606,Pedestrian incident - EMS on site
 88 Avenue and Savanna Cr NE ,2025-08-25 20:08:31,NE,-113.94942162446,51.1325843294,Pedestrian incident - EMS on site
 56 Street and 28 Avenue NE ,2025-08-24 19:22:08,NE,-113.95214095883,51.07689581327,Pedestrian incident - EMS on site
 Marlborough Wy and 39 Street SE ,2025-08-23 22:48:49,NE,-113.97811471744,51.05239304607,Pedestrian incident - EMS on site
 Campus Gate and 24 Avenue NW ,2025-08-23 20:08:41,NW,-114.12353356114,51.07524152725,Pedestrian incident - EMS on site
 17 Avenue and 70 Street SE ,2025-08-22 22:11:16,SE,-113.93022401846,51.03788865927,Pedestrian incident - EMS dispatched
 37 Street and 17 Avenue SE ,2025-08-20 23:18:28,SE,-113.9801504612,51.03773843627,Pedestrian incident - EMS on site
 7 Avenue and 8 Street SW ,2025-08-20 02:40:13,NW,-114.08118401148,51.04700821553,Pedestrian incident - EMS on site
 Skyview Ci and Skyview Ranch Drive NE ,2025-08-19 18:58:07,NE,-113.95128375265,51.15700684112,Pedestrian incident - EMS on site
 55 Avenue and 53 Avenue SW ,2025-08-19 14:57:38,SE,-113.95103210919,51.00509771583,Pedestrian incident - EMS on site
 Southbound 1 Street at 13 Avenue SE ,2025-08-18 18:25:30,SE,-114.06093382996,51.04041531787,Pedestrian incident - EMS on site
 Saddletowne Circle and Falconridge Boulevard NE ,2025-08-14 19:10:49,NE,-113.94685782076,51.12140119987,Pedestrian incident - EMS on site
 58 Avenue and 3 Street SE ,2025-08-14 17:52:41,SE,-114.05705072524,51.00138279121,Pedestrian incident - EMS on site
 Haddon Road and Healy Drive SW ,2025-08-14 15:57:39,SW,-114.07661531608,50.97819845068,Pedestrian incident - EMS on site
 58 Avenue and 1A Street SE ,2025-08-13 16:36:27,SE,-114.06225071616,51.00138139508,Pedestrian incident - EMS on site
 Memorial Drive and 68 Street NE ,2025-08-13 15:22:04,NE,-113.93491974039,51.05277567091,Pedestrian incident - EMS dispatched
 1 Street and 53 Avenue SW ,2025-08-13 08:33:51,SE,-114.0663129613,51.00561038876,Pedestrian incident - EMS on site
 Somerset Gate and 6 Street SW ,2025-08-12 18:32:01,SW,-114.07528426555,50.89994269687,Pedestrian incident - EMS dispatched
 14 Avenue and 12 Street SW ,2025-08-12 18:14:27,SW,-114.09151145246,51.0403268745,Pedestrian incident - EMS dispatched
 14 Avenue and 4 Street SW ,2025-08-12 17:20:53,SW,-114.07150778647,51.03974687273,Pedestrian incident - EMS on site
 Country Hills Boulevard and Cornerstone Street NE ,2025-08-11 20:28:29,NE,-113.94230850399,51.1544846925,Pedestrian incident - EMS on site
 21 Avenue and 15 Street SW ,2025-08-11 08:17:11,SW,-114.09747016739,51.03498034923,Pedestrian incident - EMS on site
 68 Street north of 16 Avenue NE ,2025-08-10 20:53:54,NE,-113.93529343565,51.06853430102,Pedestrian incident - EMS dispatched
 11 Avenue and 9 Street SW ,2025-08-10 01:29:43,SW,-114.08392328216,51.04295784341,Pedestrian incident - EMS on site
 Douglasdale Boulevard and Deerfoot Trail SE ,2025-08-07 12:45:37,SE,-114.00530373415,50.94674131983,Pedestrian incident - EMS on site
 9 Street and Mcdougall Road NE ,2025-08-06 19:25:06,NE,-114.04036206639,51.05090814859,Pedestrian incident - EMS on site
 Castleglen Road and Castlepark Road NE ,2025-08-04 20:05:08,NE,-113.95384754091,51.10517770847,Pedestrian incident - EMS on site
 Taradale Drive and Tarington Wy NE ,2025-08-04 19:04:56,NE,-113.92712622586,51.11664359989,Pedestrian incident - EMS on site
 Maitland Hl and Maitland Drive NE ,2025-08-04 18:48:00,NE,-113.93922530729,51.06119272245,Pedestrian incident - EMS on site
 Northbound Macleod Trail and 18 Avenue SE ,2025-08-01 01:57:38,SE,-114.05875168768,51.03700042235,Pedestrian incident - EMS on site
 20 Avenue and 50 Street SE ,2025-07-26 22:56:53,SE,-113.96137259931,51.03552387887,Pedestrian incident - EMS on site
 38 Street and 19 Avenue SE ,2025-07-26 22:51:53,SE,-113.97869163171,51.03628067191,Pedestrian incident - EMS on site
 1 Street and 9 Avenue SW ,2025-07-26 08:30:41,SE,-114.06556984653,51.04468050739,Pedestrian incident - EMS dispatched
 17 Avenue and 5 Street SW ,2025-07-23 22:16:53,SW,-114.07429066323,51.03782951233,Pedestrian incident - EMS on site
 14 Avenue and 20 Street NW ,2025-07-22 15:03:14,NW,-114.10778173259,51.06515754505,Pedestrian incident - EMS on site
 17 Avenue and 36 Street SE ,2025-07-21 23:15:45,SE,-113.9816833865,51.0377485753,Pedestrian incident - EMS on site
 210 Avenue and Sheriff King Street SW ,2025-07-21 17:37:55,SE,-114.07089442366,50.8631568873,Pedestrian incident - EMS on site
 9 Avenue and 85 Street SW ,2025-07-21 16:27:39,NW,-114.21140145823,51.05970279742,Pedestrian incident - EMS on site
 Northmount Drive and Northland Drive NW ,2025-07-20 14:46:09,NW,-114.14140218022,51.09602617768,Pedestrian incident - EMS dispatched
 31 Street and 17 Avenue SE ,2025-07-20 14:23:44,SE,-113.9894303043,51.03775654474,Pedestrian incident - EMS dispatched
 Skyview Li and Skyview Ranch Drive NE ,2025-07-18 16:15:30,NE,-113.95535096863,51.15795533459,Pedestrian incident - EMS dispatched
 8 Street north of 8 Avenue SW ,2025-07-17 14:31:00,NW,-114.08125081173,51.04638877654,Pedestrian incident - EMS on site
 Saddlemont Wy and Saddlemont Boulevard NE ,2025-07-16 19:00:24,NE,-113.94127464883,51.12864388587,Pedestrian incident - EMS on site
 14 Street and 25 Avenue SW ,2025-07-16 15:01:28,SW,-114.09468443503,51.03144526099,Pedestrian incident - EMS on site
 68 Street and Coral Springs Boulevard NE ,2025-07-16 13:43:29,NE,-113.93521925722,51.09907766767,Pedestrian incident - EMS dispatched
 5 Avenue and 4 Street SE ,2025-07-16 12:21:06,NE,-114.05294631273,51.04802425553,Pedestrian incident - EMS on site
 5 Street and 21 Avenue SW ,2025-07-16 11:07:10,SW,-114.07420696327,51.03425712928,Pedestrian incident - EMS on site
 24 Avenue and 2 Street SW ,2025-07-14 02:16:14,SE,-114.06896007666,51.03146084388,Pedestrian incident - EMS dispatched
 11 Avenue at 11 Street SW ,2025-07-14 01:18:18,SW,-114.08957039302,51.04309227393,Pedestrian incident - EMS dispatched
 11 Avenue and 8 Street SW ,2025-07-13 22:50:46,SW,-114.08146272492,51.04288829565,Pedestrian incident - EMS on site
 Woodview Drive and Woodpark Boulevard SW ,2025-07-13 20:40:39,SW,-114.10935319531,50.94156430066,Pedestrian incident - EMS on site
 Falconridge Boulevard and Taracove Estate Drive NE ,2025-07-13 16:18:13,NE,-113.94731947112,51.11890310405,Pedestrian incident - EMS on site
 11 Avenue and 5 Street SW ,2025-07-13 03:27:36,SW,-114.07407898678,51.04269732236,Pedestrian incident - EMS dispatched
 Midlake Boulevard and Midridge Drive SE ,2025-07-10 12:25:56,SE,-114.06168748359,50.91491821539,Pedestrian incident - EMS on site
 Saddletowne Ci and 60 Street NE ,2025-07-09 14:12:02,NE,-113.94767920544,51.12654848264,Pedestrian incident - EMS on site
 17 Avenue and 68 Street SE ,2025-07-09 06:33:25,SE,-113.93552979117,51.03786599588,Pedestrian incident - EMS on site
 10 Avenue at 4 Street SW ,2025-07-08 22:59:32,SW,-114.07151194138,51.04355744112,Pedestrian incident - Blocking lanes
 Red Embers Mr and Red Embers Tc NE ,2025-07-08 20:11:38,NE,-113.9496504623,51.17006544961,Pedestrian incident - EMS on site
 Centre Street S and 15 Avenue SE ,2025-07-03 12:17:47,SE,-114.06350371084,51.03858822293,Pedestrian incident - EMS on site
 17 Avenue and 28 Street SW ,2025-05-19 13:37:10,SW,-114.12813188427,51.03780518126,Pedestrian incident - EMS on site
 26 Avenue and 25a Street SW ,2025-05-18 13:13:35,SW,-114.12226535717,51.03005465587,Pedestrian incident - EMS dispatched
 Blackthorn Road and 4A Street NE ,2025-05-17 20:52:22,NE,-114.05501846092,51.1088551308,Pedestrian incident - EMS dispatched
 Centre Street and 4 Street NW ,2025-05-14 18:11:18,NE,-114.07021427333,51.11786628871,Pedestrian incident - EMS on site
 Elbow Drive and Southampton Drive SW ,2025-05-14 16:22:01,SW,-114.08479485114,50.96064928316,Pedestrian incident - EMS on site
 Charleswood Drive and Northmount Drive NW ,2025-05-13 18:04:33,NW,-114.11742139325,51.08926516375,Pedestrian incident - EMS on site
 Country Hills Boulevard and Panorama Hills Boulevard NW ,2025-05-13 15:46:03,NW,-114.07412265321,51.14844325471,Pedestrian incident - EMS on site
 52 Street b/w 14 Avenue and 8 Avenue SE ,2025-05-12 22:06:25,SE,-113.95843313434,51.04102756038,Pedestrian incident - EMS dispatched
 52 Street and Pensdale Road SE ,2025-05-12 22:06:25,SE,-113.95849793217,51.04287587363,Pedestrian incident - EMS dispatched
 52 Street b/w 14 Avenue and Pensdale Road SE ,2025-05-12 22:06:25,SE,-113.95833461749,51.04100945592,Pedestrian incident - EMS dispatched
 Northbound 52 Street and 17 Avenue SE ,2025-05-12 18:27:32,SE,-113.9582888243,51.03817353554,Pedestrian incident - EMS on site
 Redstone Drive and Redstone Gv NE ,2025-05-11 14:41:07,NE,-113.96586823709,51.16832778372,Pedestrian incident - EMS on site
 1A Street south of 61 Avenue SE ,2025-05-11 12:09:20,SE,-114.06757230514,50.99662085372,Pedestrian incident - EMS on site
 Centre Street and 40 Avenue NW ,2025-05-09 18:03:45,NE,-114.06243371391,51.08874047848,Pedestrian incident - EMS on site
 41 Avenue west of Edmonton Trail NE ,2025-05-07 15:38:36,NE,-114.05450622603,51.09015653951,Pedestrian incident - EMS on site
 5 Street and 14 Avenue SW ,2025-05-06 23:40:50,SW,-114.0742824362,51.03981822881,Pedestrian incident - EMS on site
 1 Street and 15 Avenue NE  ,2025-05-04 21:43:12,NE,-114.05992792712,51.06601469939,Pedestrian incident - EMS on site
 41 Avenue and Centre Street N ,2025-05-03 16:54:39,NE,-114.06243177344,51.08963171501,Pedestrian incident - EMS dispatched
 Eastbound 17 Avenue and 16 Street SW ,2025-05-02 21:50:14,SW,-114.09883526798,51.03783030177,Pedestrian incident - EMS on site
 Seton Wy and 202 Avenue SE ,2025-05-02 16:17:40,SE,-113.94774302897,50.86732963333,Pedestrian incident - EMS on site
 Southbound 14 Street at 9 Avenue SW ,2025-05-01 23:35:58,NW,-114.09505244321,51.04561513901,Pedestrian incident - EMS on site
 Temple Drive and 55 Street NE ,2025-05-01 20:34:02,NE,-113.95417975461,51.0858862178,Pedestrian incident - EMS on site
 Walgrove Boulevard and Walgrove Mr SE ,2025-05-01 08:27:29,SE,-114.02056147293,50.8668907394,Pedestrian incident - EMS dispatched
 Westbound Crowchild Trail and 24 Avenue NW ,2025-04-30 20:13:15,NW,-114.11823217298,51.07403438945,Pedestrian incident - EMS on site
 Hunterview Drive and Hunterbrook Road NW ,2025-04-30 20:00:02,NW,-114.08533446147,51.12394894669,Pedestrian incident - EMS on site
 32 Avenue and Centre Street N ,2025-04-30 10:02:10,NE,-114.06250333269,51.08150941857,Pedestrian incident - EMS dispatched
 18 Street and 33 Avenue SW ,2025-04-29 15:09:49,SW,-114.10509178352,51.02403446456,Pedestrian incident - EMS dispatched
 4 Street and 12 Avenue SW ,2025-04-27 16:19:06,SW,-114.07148092732,51.04165909704,Pedestrian incident - EMS dispatched
 Erin Woods Drive and Erin Mount Cr SE ,2025-04-24 18:30:43,SE,-113.97126407518,51.02171837021,Pedestrian incident - EMS on site
 Northland Drive and 52 Avenue NW ,2025-04-24 17:45:57,NW,-114.14143436512,51.10096038128,Pedestrian incident - EMS on site
 Arbour Lake Drive and Arbour Crest Cl NW ,2025-04-24 11:15:30,NW,-114.2029731574,51.13383006292,Pedestrian incident - EMS dispatched
 Shawville Boulevard and Shawville Li SW ,2025-04-22 13:24:34,SE,-114.06432863035,50.90122402319,Pedestrian incident - EMS on site
 Bow Trail and 26 Street SW ,2025-04-18 18:56:42,SW,-114.12364274981,51.04150722938,Pedestrian incident - EMS on site
 Southbound 5 Street at 11 Avenue SW ,2025-04-18 17:06:42,SW,-114.07417204059,51.04230000679,Pedestrian incident - EMS dispatched
 19 Avenue and 27 Street SE ,2025-04-18 14:19:05,SE,-113.99393591829,51.03609115542,Pedestrian incident - EMS on site
 Heritage Drive and Bonaventure Drive SE ,2025-04-17 19:54:44,SE,-114.0679558313,50.97956828631,Pedestrian incident - EMS on site
 13 Street and 5 Avenue NW ,2025-04-17 08:57:24,NW,-114.09323364176,51.0570690653,Pedestrian incident - EMS on site
 87 Street and Bearspaw Dam Road NW ,2025-04-16 12:20:16,NW,-114.21603095646,51.10208369351,Pedestrian incident - EMS on site
 5 Avenue and 3 Street SE ,2025-04-14 19:26:02,NE,-114.05543034061,51.04819344634,Pedestrian incident - EMS on site
 Westbound 17 Avenue at 43 Street SE ,2025-04-14 17:22:45,SE,-113.97142204347,51.03792153541,Pedestrian incident - EMS dispatched
 52 Street and 26 Avenue NE ,2025-04-14 10:41:30,NE,-113.95834852276,51.07625172753,Pedestrian incident - EMS on site
 2 Street and 10 Avenue SW ,2025-04-11 22:32:48,SE,-114.06811230804,51.04345823453,Pedestrian incident - EMS on site
 Maitland Drive and Maitland Gate NE ,2025-04-11 14:54:07,NE,-113.9388808695,51.06559559784,Pedestrian incident - EMS on site
 Falconridge Boulevard at Falworth Wy NE ,2025-04-09 20:48:58,NE,-113.95250844882,51.10519127013,Pedestrian incident - EMS on site
 17 Street and 21 Avenue SW ,2025-04-09 18:57:11,SW,-114.10159096457,51.03499822299,Pedestrian incident - EMS on site
 Fairmount Drive and Armstrong Cr SE ,2025-04-09 07:55:08,SE,-114.05917147923,50.97059004803,Pedestrian incident - EMS on site
 Northbound Macleod Trail and 25 Avenue S ,2025-04-08 06:28:00,SE,-114.05952242131,51.03058951862,Pedestrian incident - EMS on site
 Westbound 4 Avenue and 9 Street SW ,2025-04-07 16:06:36,NW,-114.08347289021,51.04989867599,Pedestrian incident - EMS on site
 Bowness Road and 48 Street NW ,2025-04-07 08:01:39,NW,-114.16370421593,51.07503529213,Pedestrian incident - EMS on site
 Auburn Bay Drive and 52 Street SE ,2025-04-06 11:54:52,SE,-113.9452875934,50.89949970421,Pedestrian incident - EMS dispatched
 Southampton Drive and 11 Street SW ,2025-04-04 20:05:32,SW,-114.08838591763,50.95308127755,Pedestrian incident - EMS on site
 Auburn Meadows Boulevard and Auburn Bay Drive SE ,2025-04-04 08:09:01,SE,-113.94815413316,50.89926098044,Pedestrian incident - EMS on site
 16 Street and 6 Avenue NW ,2025-04-04 07:38:42,NW,-114.097788579,51.05761379214,Pedestrian incident - EMS on site
 Southbound 85 Street and 8a Avenue SW ,2025-04-03 17:06:49,NW,-114.21105269385,51.06155673336,Pedestrian incident - EMS on site
 Westbound 17 Avenue and 8 Street SW ,2025-04-03 14:53:49,SW,-114.08179134403,51.03781478247,Pedestrian incident - EMS on site
 Northbound Macleod Trail at 17 Avenue SE ,2025-04-01 22:01:38,SE,-114.05865922296,51.03783299689,Pedestrian incident - EMS on site
 58 Avenue and 5 Street SW ,2025-03-30 15:33:25,SW,-114.07619743344,51.00137132436,Pedestrian incident - EMS on site
 14 Street and Kensington Road NW ,2025-03-28 23:45:20,NW,-114.09469617545,51.05251656024,Pedestrian incident - EMS on site
 Westbound 17 Avenue and 18 Street SW ,2025-03-27 17:07:20,SW,-114.10424267094,51.03782541138,Pedestrian incident - EMS on site
 Northbound Macleod Trail and 13 Avenue SE ,2025-03-26 20:44:15,SE,-114.05847673987,51.04034563154,Pedestrian incident - EMS dispatched
 1 Street and 4 Avenue SW ,2025-03-25 20:57:34,NE,-114.06523338218,51.04939957229,Pedestrian incident - EMS dispatched
 Westbound Country Hills Boulevard and Citadel Wy NW ,2025-03-24 16:17:22,NW,-114.19553972773,51.14264226614,Pedestrian incident - EMS on site
 Southbound Stoney Trail and 88 Street SE ,2025-03-21 20:59:25,SE,-113.9107071118,50.91448475949,Pedestrian incident - EMS on site
 36 Street and 17 Avenue SE ,2025-03-20 12:25:33,SE,-113.98155793034,51.03776112966,Pedestrian incident - EMS dispatched
 Macleod Trail and Southland Drive SW ,2025-03-19 22:40:29,SW,-114.07163803159,50.96492961871,Pedestrian incident - EMS on site
 Southbound Macleod Trail and Southland Drive SW ,2025-03-19 22:40:29,SW,-114.07174165748,50.96436625058,Pedestrian incident - EMS on site
 3 Street and 5 Avenue SE ,2025-03-18 14:37:36,NE,-114.05527857616,51.04865585993,Pedestrian incident - EMS on site
 Northbound Ogden Road at 76 Avenue SE ,2025-03-17 07:14:50,SE,-113.99878356235,50.98504693094,Pedestrian incident - EMS on site
 Park Road and Macleod Trail SE ,2025-03-16 21:50:10,SE,-114.05881027392,51.03618555003,Pedestrian incident - EMS on site
 36 Street at 88 Avenue NE ,2025-03-13 18:02:55,NE,-113.97923417064,51.13192287041,Pedestrian incident - EMS dispatched
 8 Avenue and 52 Street SE ,2025-03-13 08:43:10,NE,-113.95875701717,51.04517543787,Pedestrian incident - EMS dispatched
 Fairmount Drive and Fyffe Road SE ,2025-03-12 09:11:38,SE,-114.06024925168,50.98497647371,Pedestrian incident - EMS on site
 Dalton Drive at Dalhousie Drive NW ,2025-03-11 09:13:46,NW,-114.15478186118,51.10477952083,Pedestrian incident - EMS on site
 Elbow Drive and 89 Avenue SW ,2025-03-10 17:43:51,SW,-114.08450421154,50.97353024094,Pedestrian incident - EMS dispatched
 8 Avenue and 44 Street SE ,2025-03-06 16:51:49,NE,-113.96999650323,51.04516322137,Pedestrian incident - EMS dispatched
 Southbound 4 Street approaching McKnight Blvd NE ,2025-03-05 13:41:36,NE,-114.05403679726,51.09680774045,Pedestrian incident - EMS dispatched
 Rocky Ridge Gr and Rocky Ridge Gate NW ,2025-03-04 14:09:40,NW,-114.24181587426,51.14537353823,Pedestrian incident - EMS dispatched
 Sandringham Road and Sandarac Drive NW ,2025-03-04 06:53:26,NW,-114.09969313761,51.13579872339,Pedestrian incident - EMS on site
 Southbound 36 Street and 25 Avenue NE ,2025-03-03 23:08:48,NE,-113.98149352703,51.07593738003,Pedestrian incident - EMS on site
 Southampton Drive and Elbow Drive SW ,2025-03-01 16:44:12,SW,-114.08479486575,50.96064927589,Pedestrian incident - EMS on site
 High Street and Promenade Pa SE ,2025-02-28 14:41:13,SE,-113.96139137409,50.91402472474,Pedestrian incident - EMS on site
 Northbound Edmonton Trail and Meredith Road NE ,2025-02-27 08:12:26,NE,-114.05027918768,51.05190691421,Pedestrian incident - EMS on site
 Citadel Acres Cl and Citadel Forest Li NW ,2025-02-27 07:10:21,NW,-114.1964198257,51.14666615001,Pedestrian incident - EMS on site
 McKenzie Towne Drive and Elgin Wy SE ,2025-02-26 20:30:46,SE,-113.9688638127,50.90647783291,Pedestrian incident - EMS on site
 Millrise Drive and Millrise Hl SW ,2025-02-26 16:10:48,SW,-114.08925576386,50.91812346366,Pedestrian incident - EMS on site
 Southbound 36 Street and 12 Avenue SE ,2025-02-24 15:34:29,SE,-113.9816497422,51.04248624149,Pedestrian incident - EMS on site
 Brentwood Wy and Brentwood Cm NW ,2025-02-23 22:19:15,NW,-114.12880061547,51.08690137777,Pedestrian incident - EMS on site
 20 Avenue and Centre Street N ,2025-02-22 09:04:00,NE,-114.06251450921,51.07062001123,Pedestrian incident - EMS on site
 16 Street and 27 Avenue NE ,2025-02-21 13:10:11,NE,-114.01893410952,51.07688383539,Pedestrian incident - EMS dispatched
 26 Avenue west of 36 Street SE ,2025-02-18 17:25:41,SE,-113.98217623961,51.03053966992,Pedestrian incident - EMS on site
 17 Avenue and Macleod Trail SE ,2025-02-18 10:19:44,SE,-114.05865922296,51.03783299689,Pedestrian incident - EMS on site
 Elbow Drive and Britannia Drive SW ,2025-02-13 11:51:53,SW,-114.07897588242,51.01484238995,Pedestrian incident - EMS dispatched
 Southbound 4 Street and 13 Avenue SW ,2025-02-12 16:47:26,SW,-114.07148120299,51.04071489182,Pedestrian incident - EMS on site
 Eastbound 17 Avenue at Sirocco Drive SW ,2025-02-12 11:30:11,SW,-114.16950794402,51.03764541422,Pedestrian incident - EMS on site
 47 Street and 17 Avenue SE ,2025-02-11 16:02:03,SE,-113.9657892402,51.03826585777,Pedestrian incident - EMS on site
 77 Street and Old Banff Coach Road SW ,2025-02-09 19:42:16,NW,-114.19944184899,51.06695890251,Pedestrian incident - EMS on site
 Eastbound 130 Avenue at Deerfoot Trail SE ,2025-02-07 16:22:54,SE,-113.97944347141,50.9318157684,Pedestrian incident - EMS on site
 Eastbound 130 Avenue at Deerfoot Trail SE ,2025-02-07 16:22:54,SE,-113.97950846621,50.931857493,Pedestrian incident - EMS on site
 32 Avenue and Rundlehorn Drive NE ,2025-02-07 14:26:26,NE,-113.94102300787,51.08158189422,Pedestrian incident - EMS on site
 Bonaventure Drive and Lake Bonavista Drive SE ,2025-02-06 14:54:07,SE,-114.06252301146,50.94147217647,Pedestrian incident - EMS on site
 Beddington Trail and Harvest Hills Boulevard NW ,2025-02-05 17:55:58,NE,-114.06800451678,51.13302073235,Pedestrian incident - EMS on site
 68 Street and Abbotsford Drive NE ,2025-02-02 21:39:11,NE,-113.93502883721,51.06279520526,Pedestrian incident - EMS dispatched
 12 Avenue and 6 Street SW ,2025-01-31 15:45:07,SW,-114.07659727086,51.04180219623,Pedestrian incident - EMS on site
 11 Street and 11 Avenue SW ,2025-01-30 15:10:01,SW,-114.08884258154,51.04309704169,Pedestrian incident - EMS dispatched
 68 Street and Abbeydale Drive NE ,2025-01-29 14:56:20,NE,-113.93503139177,51.05964503294,Pedestrian incident - EMS on site
 Ranchlands Boulevard and Ranchview Drive NW ,2025-01-29 09:19:31,NW,-114.18169326197,51.11614119479,Pedestrian incident - EMS on site
 32 Avenue and 69 Street NW ,2025-01-28 22:03:05,NW,-114.18671686929,51.08225062823,Pedestrian incident - EMS on site
 Erin Woods Drive west of 52 Street SE ,2025-01-27 14:28:05,SE,-113.95967795447,51.01907859613,Pedestrian incident - EMS on site
 Northland Drive and 52 Avenue NW ,2025-01-26 16:27:36,NW,-114.14143437923,51.10096036393,Pedestrian incident - EMS on site
 17 Avenue west of 4 Street SW ,2025-01-24 23:38:34,SW,-114.07293145027,51.03785094251,Pedestrian incident - EMS on site
 Eastbound 32 Avenue and 23 Street NE ,2025-01-22 18:13:42,NE,-114.00508408052,51.08142441713,Pedestrian incident - EMS on site
 Bowness Road and Point Drive NW ,2025-01-22 17:06:16,NW,-114.14636528176,51.06220472002,Pedestrian incident - EMS dispatched
 Saddletowne Ci and Martindale Drive NE ,2025-01-21 18:39:49,NE,-113.94828708217,51.12400072087,Pedestrian incident - EMS on site
 28 Street and 5 Avenue NE ,2025-01-21 15:47:55,NE,-113.9932935237,51.0565046295,Pedestrian incident - EMS on site
 Madigan Drive and Madeira Drive NE ,2025-01-21 14:53:23,NE,-113.95374113874,51.06243831683,Pedestrian incident - EMS on site
 139 Faldale Cl NE ,2025-01-19 02:29:44,NE,-113.93702034019,51.10687706271,Pedestrian incident - EMS dispatched
 6 Avenue and 4 Street SE ,2025-01-17 09:52:18,NE,-114.05306185795,51.04715668133,Pedestrian incident - EMS on site
 19 Street and McGonigal Drive NE ,2025-01-16 12:02:05,NE,-114.01282114008,51.05809359001,Pedestrian incident
 26 Avenue and Rundlehorn Drive NE ,2025-01-15 13:57:15,NE,-113.94095099864,51.07614993288,Pedestrian incident - EMS on site
 11 Street and 65 Avenue NE ,2025-01-15 11:47:18,NE,-114.03657754522,51.11174540098,Pedestrian incident - EMS on site
 17 Avenue and 36 Street SE ,2025-01-11 19:55:53,SE,-113.98160659731,51.03800628764,Pedestrian incident - EMS on site
 Bowfort Road and Bowridge Cr NW ,2025-01-11 18:33:17,NW,-114.20886342562,51.08392866287,Pedestrian incident - EMS on site
 Walden Boulevard south of 194 Avenue SE ,2025-01-10 16:21:44,SE,-114.02450644955,50.87666804198,Pedestrian incident - EMS on site
 Blackfoot Trail and 42 Avenue SE ,2025-01-10 08:04:52,SE,-114.0491205844,51.01600144477,Pedestrian incident - EMS dispatched
 36 Street at 8 Avenue NE ,2025-01-09 20:39:34,NE,-113.98194276653,51.06013616981,Pedestrian incident - EMS dispatched
 16 Street and 90 Avenue SW ,2025-01-09 18:45:34,SW,-114.10050483947,50.97229791783,Pedestrian incident - EMS dispatched
 17 Avenue and 36 Street SE ,2025-01-09 15:09:46,SE,-113.98168340998,51.03774856375,Pedestrian incident - EMS dispatched
 52 Street and 26 Avenue NE ,2025-01-09 10:47:06,NE,-113.95850372591,51.07631641856,Pedestrian incident - EMS on site
 1 Street and 144 Avenue NE ,2025-01-09 08:17:10,NE,-114.06960903988,51.18346748518,Pedestrian incident - EMS on site
 11 Avenue and 2 Street SW ,2025-01-09 07:55:14,SE,-114.06819308609,51.04253125564,Pedestrian incident - EMS on site
 Martin Crossing Park and Martindale Blvd NE ,2025-01-09 07:21:13,NE,-113.96744809939,51.11716544725,Pedestrian incident - EMS dispatched
 Northbound Stoney Trail at 17 Avenue SE ,2025-01-08 08:18:56,SE,-113.92096252002,51.04118117844,Pedestrian incident - EMS on site
 26 Avenue east of 52 Street NE ,2025-01-07 17:38:08,NE,-113.95698897174,51.07627137214,Pedestrian incident - EMS on site
 Quarry Park Boulevard and 24 Street SE ,2025-01-07 16:40:46,SE,-114.00219771342,50.96348469049,Pedestrian incident - EMS on site
 Bowness Road and 3 Avenue NW ,2025-01-06 20:38:27,NW,-114.14116686415,51.06008441695,Pedestrian incident - EMS dispatched
 Marlyn Drive and Marlyn Wy NE ,2025-01-06 17:43:55,NE,-113.97687152677,51.06366706246,Pedestrian incident - EMS dispatched
 Cityside Cr and Cityside Cr NE ,2025-01-06 16:14:06,NE,-113.96315560773,51.14649193051,Pedestrian incident - EMS dispatched
 Hidden Creek Boulevard and Hidden Road NW ,2025-01-04 19:09:31,NW,-114.10156365868,51.15748042679,Pedestrian incident - EMS dispatched
 1 Street and 11 Avenue NW ,2025-01-01 00:39:54,NE,-114.0650209198,51.06246687351,Pedestrian incident - EMS on site
 9 Avenue and 3 Street SE ,2024-12-30 05:32:25,SE,-114.05571045455,51.04440090503,Pedestrian incident - EMS on site
 9 Avenue b/w Macleod Trail and 3 Street SE ,2024-12-30 05:32:25,SE,-114.0557016126,51.04440054965,Pedestrian incident - EMS on site
 Radcliffe Drive and 36 Street SE ,2024-12-28 18:59:19,NE,-113.98211343443,51.04814714776,Pedestrian incident - EMS on site
 Southbound 1 Street and 3 Avenue SE ,2024-12-23 08:22:12,NE,-114.06023258676,51.05021088217,Pedestrian incident - EMS on site
 Westwood Drive and 45 Street SW ,2024-12-21 10:59:57,SW,-114.15267316826,51.0388752225,Pedestrian incident - EMS on site
 Southbound 3 Street and 6 Avenue SE ,2024-12-21 02:28:29,NE,-114.05550763576,51.04723618328,Pedestrian incident - EMS on site
 45 Street and Westwood Drive SW ,2024-12-21 00:30:23,SW,-114.15267316826,51.0388752225,Pedestrian incident - EMS on site
 Centre Street and 61 Avenue SE ,2024-12-20 07:49:07,SE,-114.06381336207,50.99773238986,Pedestrian incident - EMS on site
 6 Avenue and Centre Street S ,2024-12-16 17:13:09,NE,-114.06286708463,51.04744497376,Pedestrian incident - EMS on site
 68 Street and 43 Avenue NE ,2024-12-13 17:51:47,NE,-113.93509372279,51.0916797252,Pedestrian incident - EMS dispatched
 43 Avenue b/w 68 Street and Laguna Way NE ,2024-12-13 17:51:47,NE,-113.934730342,51.09173687695,Pedestrian incident - EMS dispatched
 Belmont Drive and 210 Avenue SW ,2024-12-13 07:37:33,SE,-114.06487195025,50.86311112415,Pedestrian incident - EMS dispatched
 144 Avenue and Howse Ri NE ,2024-12-12 19:30:29,NE,-114.05902491714,51.18377256436,Pedestrian incident - EMS on site
 28 Street and 12 Avenue SE ,2024-12-12 08:40:42,SE,-113.99309848049,51.04245286778,Pedestrian incident - EMS on site
 148 Avenue and Lucas Boulevard NW ,2024-12-10 16:37:55,NW,-114.07607926083,51.18638334229,Pedestrian incident - EMS on site
 Berkshire Boulevard and Sandstone Drive NW ,2024-12-10 07:54:48,NW,-114.08926572939,51.1338137036,Pedestrian incident - EMS on site
 8 Avenue and 5 Street SW ,2024-12-10 07:03:19,NW,-114.07388293555,51.0458391664,Pedestrian incident - EMS on site
 Madigan Drive and Madeira Wy NE ,2024-12-07 18:05:36,NE,-113.95513267491,51.06226589727,Pedestrian incident - EMS on site
 2 Street north of 9 Avenue SW ,2024-12-06 17:39:19,SE,-114.06805930153,51.04494642617,Pedestrian incident - EMS on site
 162 Avenue east of 24 Street SW ,2024-12-05 18:37:08,SW,-114.1131343105,50.9068523077,Pedestrian incident - EMS on site
 26 Avenue and 52 Street NE ,2024-12-05 17:08:39,NE,-113.95850372591,51.07631641856,Pedestrian incident - EMS on site
 37 Avenue west of Barlow Trail NE ,2024-12-04 18:36:14,NE,-114.0031514543,51.08673063921,Pedestrian incident - EMS on site
 4 Avenue and 6 Street SW ,2024-12-04 12:19:07,NW,-114.07605095383,51.04971127069,Pedestrian incident - EMS on site
 Eastbound McKnight Boulevard and Centre Street N ,2024-11-30 20:07:41,NE,-114.06242751569,51.09610335748,Pedestrian incident - EMS on site
 17 Avenue and 5 Street SW ,2024-11-29 20:36:05,SW,-114.075567944,51.03782103974,Pedestrian incident - EMS on site
 17 Avenue b/w 5 Street and 6 Street SW ,2024-11-29 20:36:05,SW,-114.07434678491,51.0378723453,Pedestrian incident - EMS on site
 Northbound Crowchild Trail north of 5 Avenue NW ,2024-11-27 19:52:28,NW,-114.11794120503,51.0582483884,Pedestrian incident - EMS on site
 Crowchild Trail north of 5 Avenue NW ,2024-11-27 19:52:28,NW,-114.11795482439,51.05816279256,Pedestrian incident - EMS on site
 Elbow Drive and 61 Avenue SW ,2024-11-27 18:57:11,SW,-114.08316489133,50.99775267124,Pedestrian incident - EMS on site
 Saddletowne Circle and 80 Avenue NE ,2024-11-27 14:30:51,NE,-113.94976766837,51.12510627919,Pedestrian incident - EMS on site
 Douglasdale Boulevard and Douglas Woods Hl SE ,2024-11-25 17:42:12,SE,-113.98505627856,50.93963936437,Pedestrian incident - EMS on site
 17 Avenue and 1 Street SE ,2024-11-24 18:25:01,SE,-114.0611213821,51.03783263416,Pedestrian incident - EMS dispatched
 17 Avenue and 2 Street SW ,2024-11-22 18:32:40,SE,-114.06849973162,51.03783123951,Pedestrian incident - EMS on site
 6 Street and 7 Avenue SW ,2024-11-21 10:43:10,NW,-114.07624282317,51.04687093065,Pedestrian incident - EMS dispatched
 Falshire Drive and Falshire Close NE ,2024-11-20 17:31:42,NE,-113.94499641651,51.1053272274,Pedestrian incident - EMS dispatched
 52 Street and 17 Avenue SE ,2024-11-20 16:24:16,SE,-113.95851505546,51.0379416693,Pedestrian incident - EMS on site
 University Drive north of 16 Avenue NW ,2024-11-20 15:24:19,NW,-114.12506882392,51.07066574341,Pedestrian incident - EMS dispatched
 Rundlehorn Drive and 52 Street NE ,2024-11-19 07:43:36,NE,-113.95861061192,51.07151614264,Pedestrian incident - EMS dispatched
 Uxbridge Drive and 16 Avenue NW ,2024-11-18 14:01:30,NW,-114.12916142569,51.06859312304,Pedestrian incident
 18 Street and 33 Avenue SW ,2024-11-18 09:36:14,SW,-114.10452979922,51.02399207562,Pedestrian incident - EMS dispatched
 14 Avenue and 14 Street SW ,2024-11-16 18:01:26,SW,-114.09471000421,51.04041493017,Pedestrian incident - EMS on site
 34 Avenue and 26 Street SE ,2024-11-13 18:01:42,SE,-113.99902474119,51.02314164288,Pedestrian incident - EMS dispatched
 32 Avenue and Carol Drive NW ,2024-11-13 15:03:21,NW,-114.09865554325,51.08148898087,Pedestrian incident - EMS dispatched
 Southbound 14 Avenue and 4 Street SW ,2024-11-12 14:13:12,SW,-114.07150780387,51.03974686019,Pedestrian incident - EMS on site
 44 Street and 17 Avenue SE ,2024-11-12 13:04:22,SE,-113.96999210993,51.03739473759,Pedestrian incident - EMS on site
 Falmere Road and Falmere Way NE ,2024-11-12 04:40:19,NE,-113.9446633591,51.11040432695,Pedestrian incident - EMS dispatched
 5 Street and 15 Avenue SW ,2024-11-09 09:28:36,SW,-114.07434671048,51.03889501868,Pedestrian incident - EMS on site
 Northbound Elbow Drive and Glenmore Trail SW ,2024-11-08 17:47:18,SW,-114.08391601451,50.99462772567,Pedestrian incident - EMS on site
 Erin Woods Drive and 52 Street SE ,2024-11-08 17:17:28,SE,-113.95881222014,51.01910328577,Pedestrian incident - EMS on site
 11 Street b/w 9 Avenue and 10 Avenue SW ,2024-11-07 18:43:51,SW,-114.0886817899,51.04469832578,Pedestrian incident - EMS on site
 Southbound 52 Street at New Brighton Drive SE ,2024-11-07 15:48:04,SE,-113.95818794201,50.92539192368,Pedestrian incident - EMS on site
 5 Street and 10 Avenue SW ,2024-11-07 13:17:20,SW,-114.0740120434,51.04363075641,Pedestrian incident - EMS on site
 Bowness Road and 73 Street NW ,2024-11-06 08:02:59,NW,-114.19356961496,51.08897823755,Pedestrian incident - EMS on site
 3 Street at 7 Avenue SE ,2024-11-05 17:30:51,NE,-114.05557608565,51.04627874442,Pedestrian incident - EMS on site
 Harvest Hills Blvd at Beddington Trail NW ,2024-11-04 22:22:02,NW,-114.07166501997,51.13521506466,Pedestrian incident - EMS dispatched
 4 Avenue at 6 Street SW ,2024-11-04 19:33:27,NW,-114.07605095383,51.04971127069,Pedestrian incident - EMS on site
 Zoo Road and Memorial Drive NE ,2024-11-03 17:10:32,NE,-114.03616693974,51.04765343006,Pedestrian incident - EMS dispatched
 Prestwick Gate and 52 Street SE ,2024-11-03 16:24:29,SE,-113.95826687884,50.92524074149,Pedestrian incident - EMS dispatched
 Mcleod Trail at 17 Avenue SE ,2024-11-02 19:36:40,SE,-114.05868509506,51.03799668715,Pedestrian incident - EMS on site
 Dalhousie Drive and Dalton Drive NW ,2024-11-01 10:55:03,NW,-114.15478186118,51.10477952083,Pedestrian incident - EMS dispatched
 36 Street and 26 Avenue NE ,2024-10-31 08:22:18,NE,-113.98193170723,51.07791877478,Pedestrian incident - EMS on site
 Southbound 36 Street and 26 Avenue NE ,2024-10-31 08:22:18,NE,-113.98189704081,51.07788883378,Pedestrian incident - EMS on site
 36 Street and 26 Avenue NE ,2024-10-31 08:22:18,NE,-113.98223781967,51.07791037139,Pedestrian incident - EMS on site
 5 Avenue and 3 Street SE ,2024-10-31 07:35:12,NE,-114.05544461034,51.04820018187,Pedestrian incident - EMS on site
 52 Street and Peigan Trail SE ,2024-10-30 07:53:14,SE,-113.96175581922,51.01497465267,Pedestrian incident - EMS on site
 Saddleland Drive and 88 Avenue NE ,2024-10-29 21:01:54,NE,-113.94097336999,51.13245908344,Pedestrian incident - EMS dispatched
 14 Street and 5 Avenue NW ,2024-10-29 15:51:26,NW,-114.09481447863,51.05764617814,Pedestrian incident - EMS dispatched
 49 Street and 30 Avenue SW ,2024-10-29 15:43:36,SW,-114.15815355129,51.02697852992,Pedestrian incident - EMS dispatched
 Fairmount Drive and Flint Road SE ,2024-10-29 14:45:00,SE,-114.06367291759,50.9882760809,Pedestrian incident - EMS dispatched
 61 Street and Bowness Road NW ,2024-10-28 14:53:21,NW,-114.17632389771,51.08405939716,Pedestrian incident - EMS on site
 14 Street and 16 Avenue SW ,2024-10-27 00:10:15,SW,-114.09470982792,51.03851000361,Pedestrian incident - EMS on site
 Midpark Boulevard and Midlake Boulevard SW ,2024-10-26 15:24:54,SE,-114.06168749879,50.91491830137,Pedestrian incident - EMS on site
 Southbound Southbound 36 Street and 12 Avenue NE ,2024-10-25 19:40:12,NE,-113.98165517422,51.06266978415,Pedestrian incident - EMS on site
 4 Street and 36 Avenue NW ,2024-10-25 18:49:27,NW,-114.0715759112,51.0850464025,Pedestrian incident - EMS dispatched
 Woodbine Boulevard at Woodbrook Wy SW ,2024-10-23 18:04:36,SW,-114.1345627329,50.94685872752,Pedestrian incident - EMS on site
 69 Street and 34 Avenue SW ,2024-10-23 17:04:38,SW,-114.18767995363,51.02324903403,Pedestrian incident - EMS on site
 Horton Road and Heritage Drive SW ,2024-10-23 07:48:15,SW,-114.07280000959,50.97951528621,Pedestrian incident - EMS on site
 38 Street and 23 Avenue SE ,2024-10-23 05:18:34,SE,-113.97871031971,51.03319888816,Pedestrian incident - EMS dispatched
 Nolan Hill Boulevard and 144 Avenue NW ,2024-10-22 17:35:46,NW,-114.17032019123,51.18297704639,Pedestrian incident - EMS dispatched
 Eastbound 17 Avenue and 52 Street SE ,2024-10-21 23:22:11,SE,-113.95851505546,51.0379416693,Pedestrian incident - EMS on site
 Eastbound 17 Avenue and Northbound 52 Street SE ,2024-10-21 23:22:11,SE,-113.95860709696,51.0378587266,Pedestrian incident - EMS on site
 14 Avenue and 14 Street SW ,2024-10-20 16:21:25,SW,-114.09471000421,51.04041493017,Pedestrian incident - EMS dispatched
 Memorial Drive and 10 Street NW ,2024-10-19 16:40:55,NW,-114.08586034759,51.05196098759,Pedestrian incident - EMS on site
 Macleod Trail and 61 Avenue SW ,2024-10-18 21:33:22,SW,-114.07167772322,50.9977463489,Pedestrian incident - EMS on site
 Skyview Ci and 60 Street NE ,2024-10-18 14:45:19,NE,-113.94730264481,51.15806586408,Pedestrian incident - EMS on site
 56 Street and 23 Avenue NE ,2024-10-17 19:39:45,NE,-113.95260578386,51.07353528427,Pedestrian incident - EMS dispatched
 16a Avenue and Centre Street N ,2024-10-17 10:07:43,NE,-114.06251036661,51.06637957319,Pedestrian incident - EMS on site
 26 Avenue and 50 Street NE ,2024-10-16 06:24:21,NE,-113.96131175649,51.07624807108,Pedestrian incident - EMS on site
 Edmonton Trail and 32 Avenue NE ,2024-10-15 18:26:10,NE,-114.05461025709,51.08150724366,Pedestrian incident - EMS on site
 Whitnel Co and Whitnel Pl NE ,2024-10-15 17:46:25,NE,-113.97519201482,51.0832734091,Pedestrian incident - EMS on site
 42 Street and Whitnel Co NE ,2024-10-15 17:46:25,NE,-113.97314650753,51.08249301303,Pedestrian incident - EMS on site
 Memorial Drive at 8 Street NW ,2024-10-14 22:36:39,NW,-114.07949264999,51.05476543029,Pedestrian incident - EMS dispatched
 130 Avenue and Woodpath Road SW ,2024-10-14 12:38:23,SW,-114.13587663036,50.9358186901,Pedestrian incident - EMS on site
 11 Street at 17 AV SW ,2024-10-13 09:35:50,SW,-114.09004531408,51.03781770437,Pedestrian incident - EMS on site
 Southbound 85 Street and Strathlea Avenue SW ,2024-10-11 15:55:48,NW,-114.21103901188,51.04875628201,Pedestrian incident - EMS on site
 Jubilee Cr and Sait Wy NW ,2024-10-11 06:55:44,NW,-114.09229922351,51.06354004785,Pedestrian incident - EMS dispatched
 17 Avenue and Stoney Trail SE ,2024-10-09 15:04:57,SE,-113.92740432231,51.03776961456,Pedestrian incident - EMS on site
 Centre Avenue and 19 Street E ,2024-10-09 10:21:34,NE,-114.00836553154,51.05244188918,Pedestrian incident - EMS dispatched
 Nose Hill Drive and John Laurie Boulevard NW ,2024-10-08 06:40:33,NW,-114.19446126388,51.12768949801,Pedestrian incident - EMS dispatched
 52 Street and Auburn Bay Gate SE ,2024-10-07 21:15:27,SE,-113.9452875934,50.89949970421,Pedestrian incident - EMS on site
 Centre Street and 4 Street NW ,2024-10-07 17:32:00,NE,-114.07021429269,51.11786627088,Pedestrian incident - EMS dispatched
 Westbound Memorial Drive west of Deerfoot Trail SE ,2024-10-07 09:18:14,NE,-114.02477330884,51.04746752608,Pedestrian incident - EMS on site
 Riverfront Avenue at 4 Street SE ,2024-10-07 06:12:13,NE,-114.05212160613,51.04906319655,Pedestrian incident - EMS on site
 17 Street and 17 Avenue SW ,2024-10-05 21:56:00,SW,-114.10159786907,51.03782971818,Pedestrian incident - EMS dispatched
 Northbound Macleod Trail and Southland Drive SE ,2024-10-05 17:37:33,SW,-114.07173550401,50.96508499353,Pedestrian incident - EMS dispatched
 4 Avenue east of 5 Street SW ,2024-10-05 01:08:10,NW,-114.07320878717,51.04961842358,Pedestrian incident - EMS on site
 50 Avenue and 22 Street SE ,2024-10-04 20:11:52,SE,-114.00658018172,51.00879098988,Pedestrian incident - EMS on site
 Memorial Drive and 44 Street NE ,2024-10-04 10:44:15,NE,-113.9699976333,51.05290634291,Pedestrian incident - EMS on site
 37 Street and Spruce Drive SW ,2024-10-02 08:59:04,NW,-114.14116963753,51.05222398129,Pedestrian incident - EMS dispatched
 16 Avenue and 29 Street NW ,2024-09-30 05:32:27,NW,-114.12913823413,51.0684114668,Pedestrian incident - EMS dispatched
 20 Avenue and 10 Street NW ,2024-09-29 13:43:25,NW,-114.08488121795,51.07053677999,Pedestrian incident - EMS dispatched
 Coventry Ci and Coventry Drive NE ,2024-09-29 02:17:07,NE,-114.05104464757,51.1581950577,Pedestrian incident - EMS on site
 Tararidge Drive and 64 Avenue NE ,2024-09-28 18:51:42,NE,-113.94074775621,51.11069412204,Pedestrian incident - EMS dispatched
 Nose Hill Drive and Hawkstone Drive NW ,2024-09-28 17:40:14,NW,-114.18487560424,51.1374417769,Pedestrian incident - EMS dispatched
 44 Avenue west of 52 Street NE ,2024-09-27 20:33:38,NE,-113.95890087339,51.09145247124,Pedestrian incident - EMS on site
 6 Avenue and Macleod Trail SE ,2024-09-26 19:40:40,NE,-114.05918520921,51.04733785072,Pedestrian incident - EMS on site
 Brentwood Road and Blakiston Drive NW ,2024-09-26 17:23:06,NW,-114.13268996156,51.08897337277,Pedestrian incident - EMS dispatched
 Harvest Hills Drive and Harvest Lake Wy NE ,2024-09-25 23:41:03,NE,-114.04953542308,51.1512152204,Pedestrian incident - EMS on site
 Fish Creek Boulevard and Everstone Drive SW ,2024-09-24 18:50:35,SW,-114.10569007219,50.91758095718,Pedestrian incident - EMS on site
 4 Street north of 12 Avenue SW ,2024-09-24 07:34:26,SW,-114.07149825251,51.0418791426,Pedestrian incident - EMS on site
 Bowness Road and 70 Street NW ,2024-09-24 05:08:53,NW,-114.1902481542,51.08898153185,Pedestrian incident - EMS dispatched
 14 Street and 16 Avenue SW ,2024-09-23 09:55:02,SW,-114.09470982792,51.03851000361,Pedestrian incident - EMS on site
 17 Avenue and 44 Street SE ,2024-09-19 16:50:35,SE,-113.97001168786,51.0379893243,Pedestrian incident - EMS dispatched
 Crowfoot Road and Crowfoot Crescent NW ,2024-09-19 11:42:45,NW,-114.19795026095,51.12662637586,Pedestrian incident - EMS on site
 Cherokee Drive and Northmount Drive NW ,2024-09-19 08:48:59,NW,-114.11152405599,51.08805363035,Pedestrian incident - EMS on site
 9 Street and Centre Avenue NE ,2024-09-18 17:07:51,NE,-114.04036292239,51.05236240277,Pedestrian incident - EMS dispatched
 Auburn Bay Street and Auburn Bay Boulevard SE ,2024-09-18 09:03:23,SE,-113.96711461929,50.89040537299,Pedestrian incident - EMS on site
 47 Street and 16 Avenue SE ,2024-09-17 11:57:09,SE,-113.9657549024,51.03939181297,Pedestrian incident - EMS on site
 52 Street and 8 Avenue SE ,2024-09-16 18:58:19,NE,-113.95875701717,51.04517543787,Pedestrian incident - EMS dispatched
 Richardson Wy and Bishop Wy SW ,2024-09-16 08:26:18,SW,-114.1293474842,51.01492685203,Pedestrian incident - EMS on site
 194 Avenue and Sheriff King Street SW ,2024-09-16 08:03:05,SW,-114.07144047609,50.87755872069,Pedestrian incident - EMS on site
 210 Avenue and Walgrove Boulevard SE ,2024-09-14 15:39:59,SE,-114.01323746706,50.86300415904,Pedestrian incident - EMS dispatched
 17 Avenue and 10 Street SW ,2024-09-14 02:49:42,SW,-114.08703932692,51.03781314948,Pedestrian incident - EMS on site
 Scurfield Drive and Scotia Landing NW ,2024-09-13 13:14:39,NW,-114.21538227575,51.12232424212,Pedestrian incident - EMS on site
 Woodbine Boulevard and Woodbriar Gate SW ,2024-09-12 12:03:00,SW,-114.13571436382,50.94449314343,Pedestrian incident - EMS on site
 Eastbound 17 Avenue after 14 Street SW ,2024-09-12 08:48:54,SW,-114.0940516866,51.03782605585,Pedestrian incident - EMS on site
 64 Avenue and 4 Street NW ,2024-09-12 07:30:56,NW,-114.07155555326,51.11033170077,Pedestrian incident - EMS on site
 Falconridge Boulevard and Taracove Estate Drive NE ,2024-09-11 08:55:49,NE,-113.94731949886,51.1189030873,Pedestrian incident - EMS on site
 Southland Drive and 7 Street SE ,2024-09-08 10:45:57,SE,-114.04418652364,50.96415823442,Pedestrian incident - EMS on site
 Centre Street and 4 Avenue SW ,2024-09-07 22:51:58,NE,-114.06273257658,51.04932875375,Pedestrian incident - EMS on site
 Westbound Bow Trail at 14 Street SW ,2024-09-07 22:27:38,NW,-114.09377364412,51.04707860862,Pedestrian incident - EMS on site
 Westbound Bow Trail at 14 Street SW ,2024-09-07 22:27:38,NW,-114.09411574478,51.04706421978,Pedestrian incident - EMS on site
 Cityscape Boulevard and Cityscape SQ NE ,2024-09-06 17:23:19,NE,-113.96790611065,51.14711370101,Pedestrian incident - EMS on site
 Northbound Macleod Trail and 5 Avenue SE ,2024-09-06 14:59:04,NE,-114.05790837957,51.04824968925,Pedestrian incident - EMS on site
 Centre Street S and 5 Avenue SE ,2024-09-06 09:49:02,NE,-114.06279976272,51.04838839214,Pedestrian incident - EMS on site
 Northbound Macleod Trail at 50 Avenue SW ,2024-09-05 16:46:32,SE,-114.06789768898,51.00871867811,Pedestrian incident - EMS on site
 Auburn Glen Lane and Auburn Glen Wy SE ,2024-09-05 07:56:51,SE,-113.9575763875,50.89683147175,Pedestrian incident - EMS on site
 Tuscany Springs Boulevard and Tuscany Boulevard NW ,2024-09-03 14:18:59,NW,-114.23869383221,51.12552451107,Pedestrian incident - EMS on site
 12 Avenue and 6 Street SW ,2024-09-02 19:53:12,SW,-114.07659727086,51.04180219623,Pedestrian incident - EMS on site
 44 Street and 8 Avenue SE ,2024-09-01 19:45:53,NE,-113.96999650323,51.04516322137,Pedestrian incident - EMS on site
 Edmonton Trail and 7 Avenue NE ,2024-08-31 10:57:43,NE,-114.05431115123,51.05886054455,Pedestrian incident - EMS on site
 15 Avenue and 11 Street SW ,2024-08-31 09:32:30,SW,-114.08911623693,51.03930810711,Pedestrian incident - EMS on site
 17 Avenue and 47 Street SE ,2024-08-31 08:49:57,SE,-113.9657581294,51.03791551835,Pedestrian incident - EMS on site
 Corner Meadows Pa and Corner Meadows Gate NE ,2024-08-30 07:14:51,NE,-113.93375569977,51.15152131654,Pedestrian incident - EMS on site
 Tarington Road and Taradale Drive NE ,2024-08-29 23:13:31,NE,-113.93146042228,51.11408910514,Pedestrian incident - EMS dispatched
 Castlebrook Drive and Falconridge Boulevard NE ,2024-08-29 18:42:05,NE,-113.95659808241,51.10314052439,Pedestrian incident - EMS on site
 Bowness Road and 64 Street NW ,2024-08-29 11:25:11,NW,-114.18181949898,51.08650624115,Pedestrian incident - EMS on site
 19 Street and 9 Avenue SE ,2024-08-27 16:31:55,SE,-114.01995132252,51.03541833381,Pedestrian incident - EMS on site
 Brentwood Wy and Brentwood Cm NW ,2024-08-25 17:37:21,NW,-114.12880061547,51.08690137777,Pedestrian incident - EMS on site
 Maddock Drive and 59 Street NE ,2024-08-25 16:10:13,NE,-113.94886418332,51.05437071495,Pedestrian incident - EMS on site
 Eastbound Southland Drive at Macleod Trail S ,2024-08-24 21:20:53,SW,-114.07266119743,50.9649368978,Pedestrian incident - EMS on site
 10 Avenue and 1 Street SW ,2024-08-24 01:55:56,SE,-114.06566159705,51.04339518061,Pedestrian incident - EMS on site
 Taradale Drive and Tararidge Drive NE ,2024-08-23 19:08:32,NE,-113.94054275566,51.11386439066,Pedestrian incident - EMS on site
 Eastbound 17 Avenue at 10 Street SW ,2024-08-23 16:58:28,SW,-114.08940041067,51.03782233474,Pedestrian incident - EMS on site
 17 Avenue and 60 Street SE ,2024-08-23 14:59:31,SE,-113.94696352785,51.03791425409,Pedestrian incident - EMS on site
 26 Street and 3 Avenue NW ,2024-08-23 13:34:11,NW,-114.12290947385,51.05511835374,Pedestrian incident - EMS on site
 Maidstone Drive and 4 Avenue NE ,2024-08-22 18:36:04,NE,-113.95318527263,51.05683975325,Pedestrian incident - EMS on site
 Maidstone Drive and 59 Street NE ,2024-08-22 18:36:04,NE,-113.94684758319,51.05625190259,Pedestrian incident - EMS on site
 20 Street and 54 Avenue SW ,2024-08-22 10:22:29,SW,-114.10919923552,51.00500848542,Pedestrian incident - EMS on site
 11 Street and 8 Avenue SE ,2024-08-21 06:11:34,SE,-114.03629070297,51.04305631221,Pedestrian incident - EMS dispatched
 Southbound Blackfoot Trail and 58 Avenue SE ,2024-08-20 07:16:40,SE,-114.049422274,51.00149979838,Pedestrian incident - EMS on site
 11 Avenue and 2 Street SW ,2024-08-20 00:34:23,SE,-114.06819308609,51.04253125564,Pedestrian incident - EMS on site
 68 Avenue and 44 Street SE ,2024-08-19 17:43:45,SE,-113.97048744186,50.9933938526,Pedestrian incident - EMS on site
 15 Avenue at 1 Street SE ,2024-08-19 10:35:39,SE,-114.06107152423,51.03851911709,Pedestrian incident - EMS dispatched
 5 Street and 10 Avenue SW ,2024-08-18 21:23:04,SW,-114.0740119008,51.0436307565,Pedestrian incident - EMS on site
 89 Avenue and Elbow Drive SW ,2024-08-18 08:53:53,SW,-114.08450421154,50.97353024094,Pedestrian incident - EMS on site
 52 Street and Maryvale Drive NE ,2024-08-17 22:45:42,NE,-113.95737737728,51.05688783385,Pedestrian incident - EMS on site
 Radcliffe Drive and Radcliffe Pl SE ,2024-08-17 21:32:48,NE,-113.99227812352,51.04664167261,Pedestrian incident - EMS on site
 38 Street and 25 Avenue NE ,2024-08-17 17:27:07,NE,-113.97854682447,51.07572723697,Pedestrian incident - EMS dispatched
 Westbound 4 Avenue and 4 Street SW ,2024-08-14 06:22:29,NW,-114.07151183906,51.04959250495,Pedestrian incident - EMS dispatched
 Southbound 4 Street after 6 Avenue SE ,2024-08-11 09:47:04,NE,-114.05309546389,51.04673792442,Pedestrian incident - EMS on site
 194 Avenue and Chaparral Valley Drive SE ,2024-08-11 08:34:59,SE,-114.01338954168,50.87766458914,Pedestrian incident - EMS on site
 Westbound 17 Avenue appraoching 19 Street SE ,2024-08-10 20:18:21,SE,-114.01748432565,51.03775732138,Pedestrian incident - EMS on site
 Castleridge Drive and Castleridge Boulevard NE ,2024-08-05 16:29:43,NE,-113.96654720674,51.10836021181,Pedestrian incident - EMS dispatched
 Westbound Seton Boulevard at 45 Street SE ,2024-08-05 10:36:28,SE,-113.94905770805,50.8841486982,Pedestrian incident - EMS on site
 Eastbound 16 Avenue approaching Sarcee Trail NW ,2024-08-04 21:16:08,SE,-113.97720843295,51.03939469762,Pedestrian incident - EMS dispatched
 Macleod Trail approaching 11 Avenue SE ,2024-08-03 21:22:35,SE,-114.05832840717,51.04179314365,Pedestrian incident - EMS on site
 Northbound Macleod Trail approaching 11 Avenue SE ,2024-08-03 21:22:35,SE,-114.05833751588,51.04223336658,Pedestrian incident - EMS on site
 3 Street and 7 Avenue SE ,2024-08-03 16:28:16,NE,-114.05557608565,51.04627874442,Pedestrian incident - EMS on site
 Rundlehorn Drive and 26 Avenue NE ,2024-08-01 23:39:40,NE,-113.94095099864,51.07614993288,Pedestrian incident - EMS dispatched
 Shaganappi Trail and Sage Valley Boulevard NW ,2024-08-01 19:51:35,NW,-114.1569685675,51.17519577275,Pedestrian incident - EMS on site
 Saddletowne Ci and Taravista Drive NE ,2024-08-01 19:28:56,NE,-113.94379378114,51.12136774745,Pedestrian incident - EMS dispatched
 9 Avenue at 8 Street SW ,2024-08-01 15:29:04,NW,-114.08132390126,51.04511738455,Pedestrian incident - EMS on site
 52 Street and 14 Avenue SE ,2024-08-01 08:45:19,SE,-113.95838375131,51.04094689328,Pedestrian incident - EMS on site
 35 Street and 16 Avenue SE ,2024-07-31 20:11:40,SE,-113.98310567613,51.03936522363,Pedestrian incident - EMS dispatched
 Longview Cm and Aldersyde Gate SE ,2024-07-31 18:16:50,SE,-114.03047119243,50.86420703249,Pedestrian incident - EMS dispatched
 4 Avenue and Riverfront Avenue SE ,2024-07-31 16:52:25,NE,-114.05283790658,51.04937095288,Pedestrian incident - EMS on site
 Eau Claire Avenue and 5 Street SW ,2024-07-31 08:26:06,NW,-114.07339365449,51.05252513515,Pedestrian incident - EMS on site
 4 Street north of 12 Avenue SW ,2024-07-25 22:14:54,SW,-114.07150789001,51.04211862334,Pedestrian incident - EMS dispatched
 25 Avenue and 1 Street SW ,2024-07-24 19:12:28,SE,-114.06656908557,51.03043666702,Pedestrian incident - EMS dispatched
 19 Avenue and 48 Street SE ,2024-07-22 11:45:28,SE,-113.96435191696,51.03628966206,Pedestrian incident - EMS on site
 5 Avenue and 6 Street SW ,2024-07-21 02:38:44,NW,-114.07610759021,51.04876353673,Pedestrian incident - EMS on site
 Southbound 36 Street at 4 Avenue NE ,2024-07-21 00:28:37,NE,-113.98198279995,51.05549253978,Pedestrian incident - EMS on site
 36 Street at 4 Avenue NE ,2024-07-21 00:28:37,NE,-113.981720728,51.05524078703,Pedestrian incident - EMS on site
 44 Street and 14 Avenue SE ,2024-07-19 23:04:17,SE,-113.97000122933,51.04093696794,Pedestrian incident - EMS on site
 64 Avenue west of Deerfoot Trail NE ,2024-07-18 11:05:03,NE,-114.04957175923,51.110674714,Pedestrian incident - EMS on site
 28 Street and 26 Avenue SW ,2024-07-18 09:01:12,SW,-114.12811066367,51.03005269707,Pedestrian incident - EMS dispatched
 3 Street south of 7 Avenue SE ,2024-07-17 08:13:03,NE,-114.05560986118,51.04602108265,Pedestrian incident - EMS on site
 68 Street and 17 Avenue SE ,2024-07-16 21:19:39,SE,-113.9355298178,51.03786598476,Pedestrian incident - EMS dispatched
 Saddleland Cr and Saddlemont Boulevard NE ,2024-07-16 20:39:24,NE,-113.93583645605,51.12973432702,Pedestrian incident - EMS dispatched
 Harvest Hills Blvd and 96 Avenue NE ,2024-07-14 23:37:58,NE,-114.0693214551,51.1424884253,Pedestrian incident - EMS dispatched
 6 Avenue and 3 Street SE ,2024-07-14 05:10:00,NE,-114.05589944135,51.04727357362,Pedestrian incident - EMS dispatched
 14 Street and 26 Avenue SW ,2024-07-14 03:30:37,SW,-114.09468340186,51.03044073421,Pedestrian incident - EMS dispatched
 University Avenue and McLaurin Street NW ,2024-07-13 23:07:26,NW,-114.14783823947,51.07751951803,Pedestrian incident - EMS dispatched
 Cornerstone Gv and Cornerstone Blvd NE ,2024-07-13 20:40:37,NE,-113.93822983458,51.15635556618,Pedestrian incident - EMS on site
 Bowness Road and 62 Street NW ,2024-07-13 12:03:31,NW,-114.17833896183,51.08496070265,Pedestrian incident - EMS on site
 52 Avenue and 40 Street NE ,2024-07-12 12:21:57,NE,-113.97618857492,51.10012122909,Pedestrian incident - EMS on site
 Southbound Macleod Trail at 86 Avenue SE ,2024-07-09 11:43:06,SW,-114.07169293968,50.97590718011,Pedestrian incident - EMS on site
 Saddlestone Drive and Saddlebrook Drive NE ,2024-07-08 17:13:27,NE,-113.92943657437,51.12896508619,Pedestrian incident - EMS on site
 5 Street and 11 Avenue SW ,2024-07-08 16:54:44,SW,-114.07407900409,51.0426973096,Pedestrian incident - EMS on site
 12 Avenue approaching 1 Street SW ,2024-07-07 10:59:57,SE,-114.06658264973,51.04149467845,Pedestrian incident - EMS on site
 8 Avenue and 44 Street SE ,2024-07-06 17:18:32,NE,-113.96999650323,51.04516322137,Pedestrian incident - EMS on site
 Bedford Ci and Bedford Pl NE ,2024-07-06 15:34:09,NE,-114.05822348635,51.12947637693,Pedestrian incident - EMS on site
 36 Street at 44 Avenue NE ,2024-07-05 09:33:58,NE,-113.98194208845,51.09120964616,Pedestrian incident - EMS on site
 Hidden Valley Gate and Beddington Trail NW ,2024-07-04 21:47:26,NW,-114.09778638785,51.14861723403,Pedestrian incident - EMS on site
 Falton Drive and Falshire Drive NE ,2024-07-04 14:28:23,NE,-113.94099981142,51.10654652168,Pedestrian incident - EMS dispatched
 11 Avenue and 8 Street SW ,2024-07-02 16:10:34,SW,-114.08146274188,51.0428883727,Pedestrian incident - EMS dispatched
 45 Street and Bow Trail SW ,2024-07-02 11:41:51,NW,-114.15277502708,51.04851559807,Pedestrian incident - EMS dispatched
 Westbound 17 Avenue and 44 Street SE ,2024-07-02 00:25:46,SE,-113.97143629786,51.0379282812,Pedestrian incident - EMS on site
 Beddington Boulevard and Berkley Drive NW ,2024-07-01 17:39:38,NW,-114.07697982258,51.12760190045,Pedestrian incident - EMS dispatched
 58 Avenue and 3 Street SW ,2024-07-01 12:41:45,SE,-114.07006734897,51.00144788876,Pedestrian incident - EMS dispatched
 Skyview Pkwy and Country Hills Boulevard NE ,2024-06-30 19:26:56,NE,-113.95259796912,51.15418796525,Pedestrian incident - EMS dispatched
 Howse Rise north of 144 Avenue NE ,2024-06-30 19:08:09,NE,-114.05909388292,51.18434983644,Pedestrian incident - EMS dispatched
 Belmont Avenue and Belmont Drive SW ,2024-06-30 17:56:07,SE,-114.0642556862,50.86545579085,Pedestrian incident - EMS dispatched
 7 Street and 20 Avenue NW ,2024-06-29 19:02:12,NW,-114.07891882063,51.0705398784,Pedestrian incident - EMS dispatched
 Northbound John Laurie Blvd and 53 Street NW ,2024-06-29 16:12:01,NW,-114.15438345504,51.1151896,Pedestrian incident - EMS on site
 Heritage Drive and Flint Road SE ,2024-06-29 15:15:25,SE,-114.06795584751,50.9795682779,Pedestrian incident - EMS on site
 Northmount Drive and Brown Cr NW ,2024-06-26 17:22:26,NW,-114.13214632312,51.09445669551,Pedestrian incident - EMS on site
 8 Avenue and 19 Street NE ,2024-06-26 06:48:03,NE,-114.01329787227,51.05960461731,Pedestrian incident - EMS on site
 60 Street and Pineson Pl NE ,2024-06-25 15:33:39,NE,-113.94671515163,51.07519296333,Pedestrian incident - EMS on site
 Southbound Stoney Trail approaching McKnight Blvd NE ,2024-06-25 03:58:53,NE,-113.92047463839,51.10965125107,Pedestrian incident - EMS on site
 Southbound Stoney Trail approaching McKnight Blvd NE ,2024-06-25 03:58:53,NE,-113.920407207,51.10916810221,Pedestrian incident - EMS on site
 Southbound Stoney Trail approaching McKnight Blvd NE ,2024-06-25 03:58:53,NE,-113.92162718504,51.14411638751,Pedestrian incident - EMS on site
 Elbow Drive and Mayfair Road SW ,2024-06-24 16:28:53,SW,-114.08314233497,50.99979885706,Pedestrian incident - EMS dispatched
 1 Street and 4 Avenue SE ,2024-06-24 12:38:38,NE,-114.06030023876,51.04925982413,Pedestrian incident - EMS on site
 4 Street at 5 Avenue SE ,2024-06-24 04:21:40,NE,-114.05294618898,51.04802424267,Pedestrian incident - EMS on site
 48 Street and Bowness Road NW ,2024-06-23 12:29:06,NW,-114.16370421593,51.07503529213,Pedestrian incident - EMS on site
 Prestwick Ci and Prestwick Pl SE ,2024-06-22 07:13:52,SE,-113.96073573671,50.92660815505,Pedestrian incident - EMS on site
 Marbank Drive and 43 Street NE ,2024-06-21 20:03:00,NE,-113.97175369726,51.0634787722,Pedestrian incident - EMS dispatched
 Skyview Ranch Drive and Skyview Springs CM NE ,2024-06-20 20:29:33,NE,-113.96167478677,51.1625766608,Pedestrian incident - EMS dispatched
 Parkdale Boulevard and 27 Street NW ,2024-06-19 14:36:46,NW,-114.12551976684,51.05417354685,Pedestrian incident - EMS dispatched
 210 Aspen Glen LD SW ,2024-06-16 19:01:33,SW,-114.20553028441,51.03887773702,Pedestrian incident - EMS on site
 Eastbound 17 Avenue at 68 Street SE ,2024-06-16 09:37:44,SE,-113.9355298178,51.03786598476,Pedestrian incident - EMS on site
 3412 27 Street NE ,2024-06-15 16:51:25,NE,-113.99393918592,51.08333665421,Pedestrian incident - EMS on site
 15 Avenue at Macleod Trail SE ,2024-06-14 12:16:44,SE,-114.05861577622,51.03843110637,Pedestrian incident - EMS on site
 17 Avenue and Barlow Trail SE ,2024-06-12 16:44:23,SE,-113.99796901856,51.03781965192,Pedestrian incident - EMS dispatched
 14 Avenue and 2 Street SW ,2024-06-12 08:35:23,SE,-114.0683689753,51.03966819039,Pedestrian incident - EMS on site
 10 Avenue and 16 Street SW ,2024-06-11 23:53:01,SW,-114.09917625779,51.04433380853,Pedestrian incident - EMS dispatched
 17 Avenue and Costello Boulevard SW ,2024-06-06 06:42:07,SW,-114.17014704139,51.03788801793,Pedestrian incident - EMS on site
 Silverado Wy and Silverado Saddle Cr SW ,2024-06-05 14:42:31,SW,-114.07941419262,50.88150538848,Pedestrian incident - EMS on site
 1 Street and 10 Avenue SW ,2024-06-04 11:07:16,SE,-114.06566159705,51.04339518061,Pedestrian incident - EMS dispatched
 Symons Valley Py and Evanston Drive NW ,2024-06-04 07:04:42,NW,-114.10831775138,51.17351936567,Pedestrian incident - EMS dispatched
 20 Street and 44 Avenue SW ,2024-06-03 15:45:38,SW,-114.10932279978,51.0142352214,Pedestrian incident - EMS dispatched
 Southbound 14 Street and 14 Avenue SW ,2024-06-03 08:39:56,SW,-114.09471000421,51.04041493017,Pedestrian incident - EMS on site
 Carrington Pz and 140 Avenue NW ,2024-06-02 17:44:27,NW,-114.09184995223,51.18151894272,Pedestrian incident - EMS on site
 Everridge Drive and Eversyde Ci SW ,2024-06-02 13:50:23,SW,-114.10607036787,50.91126509111,Pedestrian incident - EMS on site
 Erin Woods Drive and Erin Croft Cr SE ,2024-06-01 16:25:26,SE,-113.9668294964,51.02396202,Pedestrian incident - EMS on site
 Chaparral Valley Drive and 194 Avenue SE ,2024-06-01 13:59:40,SE,-114.01338954168,50.87766458914,Pedestrian incident - EMS on site
 4 Street and 8 Avenue SW ,2024-05-31 17:09:22,NW,-114.07153800835,51.04621208092,Pedestrian incident - EMS on site
 Country Village Road and Country Village Li NE ,2024-05-31 09:27:33,NE,-114.06818493779,51.16035172738,Pedestrian incident - EMS on site
 Northbound Macleod Trail and 15 Avenue SE ,2024-05-30 11:59:18,SE,-114.05861577622,51.03843110637,Pedestrian incident - EMS on site
 9 Avenue and 14 Street SE ,2024-05-29 17:15:29,SE,-114.02897397939,51.0391661577,Pedestrian incident - EMS dispatched
 16 Avenue and Centre Street N ,2024-05-28 21:17:45,NE,-114.06292870758,51.06702885457,Pedestrian incident - EMS on site
 16 Avenue and Centre Street N ,2024-05-28 21:17:45,NE,-114.06251036661,51.06637957319,Pedestrian incident - EMS on site
 50 Street and 110 Avenue SE ,2024-05-28 18:39:14,SE,-113.96160409395,50.95396262686,Pedestrian incident - EMS on site
 Silverado Range Pl and Silverado Range Ht SW ,2024-05-26 19:12:35,SW,-114.07209667118,50.88483238593,Pedestrian incident - EMS dispatched
 Carringham Wy south of Carringham Gate NW ,2024-05-21 17:25:42,NW,-114.09195742909,51.18514487158,Pedestrian incident - EMS dispatched
 Edgebrook Drive north of Edgebrook Cl NW ,2024-05-21 15:56:01,NW,-114.13445860217,51.13235317945,Pedestrian incident - EMS dispatched
 Northbound Macleod Trail at 11 Avenue SE ,2024-05-19 00:55:22,SE,-114.05833751588,51.04223336658,Pedestrian incident - EMS on site
 Memorial Drive and 47 Street SE ,2024-05-18 00:22:06,NE,-113.96359985563,51.05278469266,Pedestrian incident - EMS on site
 Taracove Estate Drive and Taravista Drive NE ,2024-05-17 20:23:53,NE,-113.94052800983,51.12134626523,Pedestrian incident - EMS dispatched
 68 Avenue and 44 Street SE ,2024-05-17 17:15:54,SE,-113.97012845343,50.9940864264,Pedestrian incident - EMS dispatched
 Ranchero Drive and Ranchlands Boulevard NW ,2024-05-15 09:46:32,NW,-114.19400023279,51.12052391746,Pedestrian incident - EMS on site
 Redstone Drive and Redstone Boulevard NE ,2024-05-14 20:27:06,NE,-113.95121564739,51.16847638204,Pedestrian incident - EMS dispatched
 12 Avenue and 1 Street SE ,2024-05-12 23:41:33,SE,-114.06086535469,51.04135755573,Pedestrian incident - EMS on site
 Saddleridge Drive and Saddleridge Cl NE ,2024-05-12 19:26:18,NE,-113.95238873209,51.13137330978,Pedestrian incident - EMS on site
 26 Avenue at 37 Street SE ,2024-05-10 09:00:00,SE,-113.9801835033,51.03052730274,Pedestrian incident - EMS on site
 Northbound Centre Street at 3 Avenue SE ,2024-05-10 08:27:27,NE,-114.06268466006,51.05028258942,Pedestrian incident - EMS on site
 Valleyview Road and 19 Street NE ,2024-05-09 16:15:53,NE,-114.01343869733,51.07103266903,Pedestrian incident - EMS on site
 9 Avenue and 1 Street SE ,2024-05-07 13:24:43,SE,-114.06076708123,51.04449960981,Pedestrian incident - EMS on site
 Mcdougall Road and 12 Street NE ,2024-05-03 13:26:40,NE,-114.03368364533,51.05088885542,Pedestrian incident - EMS on site
 20 Avenue and 12 Street NW ,2024-05-03 07:52:38,NW,-114.08979771745,51.07052753318,Pedestrian incident - EMS on site
 1 Street and 15 Avenue SE ,2024-05-02 17:15:22,SE,-114.06107152423,51.03851911709,Pedestrian incident - EMS on site
 52 Street and Mahogany Road SE ,2024-05-02 09:08:07,SE,-113.94247604838,50.8938478913,Pedestrian incident - EMS on site
 Elbow Drive and 75 Avenue SW ,2024-05-01 19:08:12,SW,-114.08313267326,50.98601954493,Pedestrian incident - EMS on site
 University Avenue and Mclaurin Street NW ,2024-05-01 12:14:53,NW,-114.14783823947,51.07751951803,Pedestrian incident - EMS on site
 Eastbound 17 Avenue and 47 Street SE ,2024-04-29 21:58:57,SE,-113.9657581294,51.03791551835,Pedestrian incident - EMS on site
 1 Street at 9 Avenue SW ,2024-04-28 22:24:56,SE,-114.06556986446,51.04468049458,Pedestrian incident - EMS on site
 46 Street and Savanna Boulevard NE ,2024-04-28 02:37:06,NE,-113.96553103978,51.13502509065,Pedestrian incident - EMS on site
 46 Street and Savanna Boulevard NE ,2024-04-28 02:37:06,NE,-113.96600892332,51.13491789476,Pedestrian incident - EMS on site
 Southbound 4 Street and 24 Avenue NE ,2024-04-26 12:49:56,NE,-114.05249381122,51.0742644168,Pedestrian incident - EMS on site
 Applewood Wy and Applecrest Cr SE ,2024-04-25 17:03:28,NE,-113.93229553119,51.0463955974,Pedestrian incident - EMS on site
 88 Avenue and 60 Street NE ,2024-04-24 18:49:55,NE,-113.94680818684,51.13255384622,Pedestrian incident - EMS dispatched
 Eastbound 5 Avenue at 1 Street SE ,2024-04-23 16:32:02,NE,-114.06037546074,51.04831954967,Pedestrian incident - EMS on site
 Westbound 17 Avenue and 36 Street SE ,2024-04-22 14:10:31,SE,-113.98168340998,51.03774856375,Pedestrian incident - EMS on site
 Centre Street and Samis Road NE ,2024-04-21 02:18:24,NE,-114.06243888787,51.0552438787,Pedestrian incident - EMS on site
 Northbound 36 Street and Memorial Drive SE ,2024-04-20 20:55:37,NE,-113.98151993567,51.04832415307,Pedestrian incident - EMS on site
 26 Avenue and 14 Street SW ,2024-04-20 12:34:08,SW,-114.09468340186,51.03044073421,Pedestrian incident - EMS dispatched
 Rundlehorn Drive and 56 Street NE ,2024-04-19 22:00:24,NE,-113.95255914764,51.07155699402,Pedestrian incident - EMS on site
 5 Avenue at 5 Street SW ,2024-04-16 08:44:13,NW,-114.07325252586,51.04868508265,Pedestrian incident - EMS on site
 5 Avenue at 6 Street SW ,2024-04-16 08:26:47,NW,-114.07610759021,51.04876353673,Pedestrian incident - EMS dispatched
 Sarcee Trail and Citadel Blvd NW ,2024-04-13 20:35:55,NW,-114.16826248504,51.14465079934,Pedestrian incident - EMS dispatched
 1 Street and 6 Avenue SW ,2024-04-11 15:21:52,NE,-114.06534898435,51.04753036337,Pedestrian incident - EMS on site
 Erin Woods Drive and 52 Street SE ,2024-04-10 20:53:58,SE,-113.95881222014,51.01910328577,Pedestrian incident - EMS on site
 Anderson Road and Elbow Drive SW ,2024-04-09 09:40:54,SW,-114.08597545166,50.95059162174,Pedestrian incident - EMS on site
 Crowfoot Crescent and Crowfoot Wy NW ,2024-04-04 07:34:26,NW,-114.207078274,51.1255557278,Pedestrian incident - EMS on site
 Castleridge Boulevard and Westwinds Drive NE ,2024-04-02 14:05:57,NE,-113.96678021784,51.10861765148,Pedestrian incident - EMS on site
 Shawville Gate and Shawville Li SE ,2024-04-02 01:26:22,SE,-114.06814445901,50.89852351934,Pedestrian incident - EMS on site
 Westbound 17 Avenue and 11 Street SW ,2024-03-30 15:34:49,SW,-114.09004531408,51.03781770437,Pedestrian incident - EMS on site
 Northbound Macleod Trail and 6 Avenue SE ,2024-03-27 10:10:18,NE,-114.05797580066,51.04730627363,Pedestrian incident - EMS on site
 Sun Valley Drive and Sun Valley Boulevard SE ,2024-03-26 08:42:58,SE,-114.04443589682,50.9066380448,Pedestrian incident - EMS on site
 57 Avenue and 10 Street NE ,2024-03-25 10:31:14,NE,-114.03882521433,51.10724752236,Pedestrian incident - EMS on site
 Macleod Trail and Glenmore Trail SW ,2024-03-24 06:55:09,SW,-114.07203700315,50.99442762955,Pedestrian incident - EMS on site
 Westbound 32 Avenue at 19 Street NE ,2024-03-20 18:54:50,NE,-114.01224775217,51.08154533666,Pedestrian incident - EMS on site
 17 Avenue and 35 Street SW ,2024-03-18 23:06:19,SW,-114.13831846377,51.03780596235,Pedestrian incident - EMS dispatched
 Ulrich Road and 24 Avenue NW ,2024-03-18 09:07:01,NW,-114.1387201628,51.07433935282,Pedestrian incident - EMS on site
 45 Street and 17 Avenue SE ,2024-03-16 13:10:49,SE,-113.96859911849,51.0377400273,Pedestrian incident - EMS dispatched
 Woodpark Pl and Woodpark Road SW ,2024-03-15 16:21:18,SW,-114.10679000552,50.94573411088,Pedestrian incident - EMS on site
 24 Street South of 86 Avenue SE ,2024-03-15 07:00:51,SE,-113.99996198023,50.97615581336,Pedestrian incident - EMS dispatched
 24 Street South of 86 Avenue SE ,2024-03-15 07:00:51,SE,-113.99990772744,50.97608937842,Pedestrian incident - EMS dispatched
 24 Street South of 86 Avenue SE ,2024-03-15 07:00:51,SE,-114.00005681564,50.97581374996,Pedestrian incident - EMS dispatched
 Falconridge Boulevard and Taracova Estate Drive NE ,2024-03-14 17:31:40,NE,-113.94731949886,51.1189030873,Pedestrian incident - EMS on site
 2 Street and 7 Avenue SW ,2024-03-09 19:26:11,NE,-114.06790162001,51.04663326144,Pedestrian incident - EMS on site
 Sait Wy and Sait Avenue NW ,2024-03-08 19:57:19,NW,-114.09215373166,51.06362475577,Pedestrian incident - EMS on site
 68 Street and 26 Avenue NE ,2024-02-28 17:11:18,NE,-113.93557810298,51.07614358962,Pedestrian incident - EMS on site
 Skyview Ranch Drive and Skyview Ranch Street NE ,2024-02-27 08:15:04,NE,-113.95537191121,51.15805888281,Pedestrian incident - EMS on site
 12 Avenue and Centre Street N ,2024-02-26 18:03:43,NE,-114.06252283218,51.06334760938,Pedestrian incident - EMS on site
 Centre Street and 43 Avenue NE ,2024-02-26 16:02:05,NE,-114.06243647958,51.09141641453,Pedestrian incident - EMS dispatched
 Riverfront Avenue and 4 Avenue SE ,2024-02-22 07:43:07,NE,-114.05283790658,51.04937095288,Pedestrian incident - EMS on site
 Northbound 4 Street and 9 Avenue SE ,2024-02-17 18:01:04,SE,-114.05321358623,51.04428277472,Pedestrian incident - EMS on site
 Westbound 16 Avenue and Edmonton Trail NE ,2024-02-17 16:13:08,NE,-114.05616755207,51.06684261603,Pedestrian incident - EMS on site
 4 Street at 12 Avenue SW ,2024-02-15 23:46:38,SW,-114.07148080218,51.04165908446,Pedestrian incident - EMS on site
 24 Avenue and 19 Street NW ,2024-02-12 14:30:22,NW,-114.10629804676,51.07427659996,Pedestrian incident - EMS on site
 Skyview Ci and Skyview Ranch Drive NE ,2024-02-11 19:30:12,NE,-113.95063376716,51.1566148741,Pedestrian incident - EMS on site
 162 Avenue and 24 Street SW ,2024-02-10 18:55:21,SW,-114.11707183497,50.90674081629,Pedestrian incident - EMS on site
 Saddlestone Gr and Saddlebrook Drive NE ,2024-02-07 07:31:55,NE,-113.92943556957,51.1274681365,Pedestrian incident - EMS on site
 Saddletowne Circle and 60 Street NE ,2024-02-05 19:11:36,NE,-113.94715202976,51.12659866002,Pedestrian incident - EMS on site
 17 Avenue and 1 Street SW ,2024-02-02 07:48:43,SE,-114.0660638084,51.03783174285,Pedestrian incident - EMS on site
 33 Street and 40 Avenue NW ,2024-01-31 18:27:09,NW,-114.13651649614,51.08772632523,Pedestrian incident - EMS on site
 Southbound 9 Street and 8 Avenue SW ,2024-01-30 16:54:12,NW,-114.08369885722,51.04613001959,Pedestrian incident - EMS on site
 Westbound 16 Avenue and 19 Street NW ,2024-01-29 20:53:36,NW,-114.10635021701,51.06690536115,Pedestrian incident - EMS on site
 Centre Street and 3 Avenue SE ,2024-01-29 08:31:34,NE,-114.06268466006,51.05028258942,Pedestrian incident - EMS dispatched
 15 Avenue at 1 Street SE ,2024-01-27 11:20:36,SE,-114.06107152423,51.03851911709,Pedestrian incident - EMS on site
 23 Avenue west of Crowchild Trail NW ,2024-01-25 06:46:05,NW,-114.11873205119,51.070966494,Pedestrian incident - EMS dispatched
 1700 14 AV NW ,2024-01-17 17:57:42,NW,-114.10110804586,51.06519028256,Pedestrian incident - EMS dispatched
 61 Avenue and 1A Street SW ,2024-01-10 17:45:47,SE,-114.06764646483,50.99764501008,Pedestrian incident - EMS dispatched
 Brentwood Road and Blakiston Drive NW ,2024-01-08 09:11:02,NW,-114.13268996156,51.08897337277,Pedestrian incident - EMS on site
 Country Hills Drive and Country Hills Wy NW ,2024-01-08 07:49:42,NE,-114.06728164435,51.15048377758,Pedestrian incident - EMS on site
 17 Avenue and 17 Street SW ,2024-01-03 18:21:36,SW,-114.10159786927,51.03782980808,Pedestrian incident - EMS on site
 Centre Street and Beddington Boulevard NE ,2024-01-03 17:28:45,NW,-114.07134971023,51.12513269918,Pedestrian incident - EMS on site
 Northbound Macleod Trail at 61 Avenue SW ,2024-01-01 20:51:58,SW,-114.07167772322,50.9977463489,Pedestrian incident - EMS on site
 Southbound Sarcee Trail and Bow Trail SW ,2024-01-01 06:56:43,NW,-114.16433705135,51.05274243773,Pedestrian incident - EMS on site
 37 Street and 26 Avenue SW ,2023-12-29 15:15:13,SW,-114.14113392099,51.03005189892,Pedestrian incident - EMS on site
 Sunridge Wy and 34 Street NE ,2023-12-29 09:52:42,NE,-113.98449094459,51.06923078816,Pedestrian incident - EMS on site
 26 Avenue and 32 Street NE ,2023-12-24 15:57:34,NE,-113.98865042538,51.07786460324,Pedestrian incident - EMS on site
 Westbound 17 Avenue and 33 Street SW ,2023-12-24 14:17:03,SW,-114.13547175821,51.03780794828,Pedestrian incident - EMS on site
 16 Avenue and 47 Street SE ,2023-12-24 13:20:31,SE,-113.96644090977,51.03938149396,Pedestrian incident - EMS on site
 Southbound 14 Street at Cromwell Avenue NW ,2023-12-23 07:43:30,NW,-114.09474217865,51.08609969588,Pedestrian incident - EMS on site
 15 Avenue east of 1 Street SE ,2023-12-21 12:56:03,SE,-114.06021908925,51.03782159568,Pedestrian incident - EMS on site
 2 Avenue and Centre Street S ,2023-12-20 16:06:24,NE,-114.06211687695,51.05124245577,Pedestrian incident - EMS on site
 Northbound 52 Street and 61 Avenue SE ,2023-12-20 15:31:30,SE,-113.95905579498,50.99903906199,Pedestrian incident - EMS on site
 Northbound 14 Street and Northmount Drive NW ,2023-12-19 18:42:38,NW,-114.09482658397,51.08298263777,Pedestrian incident - EMS on site
 32 Avenue and 69 Street NW ,2023-12-19 17:48:59,NW,-114.18759684312,51.08156816095,Pedestrian incident - EMS on site
 Bonaventure Drive and Willow Park Drive SE ,2023-12-19 17:09:39,SE,-114.06901636077,50.9578629171,Pedestrian incident - EMS on site
 Shaganappi Trail and Sage Valley Drive NW ,2023-12-19 07:20:35,NW,-114.16033862344,51.18007890286,Pedestrian incident - EMS on site
 Saddlebrook Drive north of 80 Avenue NE ,2023-12-18 07:35:31,NE,-113.92951888874,51.12688440166,Pedestrian incident - EMS on site
 Westbound 17 Avenue and 33 Street SE ,2023-12-15 15:44:37,SE,-113.98690951008,51.03796771672,Pedestrian incident - EMS on site
 26 Avenue and 22 Street SW ,2023-12-15 07:55:54,SW,-114.11434927102,51.03041982037,Pedestrian incident - EMS on site
 36 Street at Whitehorn Drive NE ,2023-12-14 23:05:05,NE,-113.98196350279,51.0849655173,Pedestrian incident - EMS on site
 Northbound Macleod Trail and 15 Avenue SE ,2023-12-14 00:08:06,SE,-114.05861577622,51.03843110637,Pedestrian incident - EMS on site
 Falconridge Boulevard and Castleridge Boulevard NE ,2023-12-13 14:06:20,NE,-113.95846086288,51.09979974963,Pedestrian incident - EMS on site
 Eastbound 8 Avenue approaching 4 Street SW ,2023-12-13 08:03:28,NW,-114.07282809705,51.04577717,Pedestrian incident - EMS on site
 4 Street and 40 Avenue NW ,2023-12-12 19:41:36,NW,-114.07287562881,51.08750930863,Pedestrian incident - EMS on site
 Temple Drive and 58 Street NE ,2023-12-12 13:01:43,NE,-113.94886607621,51.09240303545,Pedestrian incident - EMS on site
 Eastbound Old Banff Coach Road and 77 Street SW ,2023-12-10 10:08:10,NW,-114.19944184938,51.06695899241,Pedestrian incident - EMS on site
 37 Street and 17 Avenue SW ,2023-12-07 07:09:25,SW,-114.14121119016,51.03779279409,Pedestrian incident - EMS dispatched
 31a Street and 30 Avenue SE ,2023-12-07 00:44:03,SE,-113.98742722511,51.02695038291,Pedestrian incident - EMS on site
 Westwinds Cr and Castleridge Boulevard NE ,2023-12-06 18:08:18,NE,-113.96980077298,51.10556406165,Pedestrian incident - EMS dispatched
 Madigan Drive and Manora Drive NE ,2023-12-06 17:47:02,NE,-113.95266403252,51.06259601456,Pedestrian incident - EMS dispatched
 32 Avenue at Rundlelawn Road NE ,2023-12-06 17:24:38,NE,-113.97838445935,51.08117756077,Pedestrian incident - EMS on site
 32 Avenue at Rundlelawn Road NE ,2023-12-06 17:24:38,NE,-113.97835036212,51.08145668392,Pedestrian incident - EMS on site
 Whitehorn Drive and 36 Street NE ,2023-12-06 13:22:52,NE,-113.98161785483,51.08485462082,Pedestrian incident - EMS on site
 36 Street and Whitehorn Drive NE ,2023-12-06 13:22:52,NE,-113.9816221053,51.08493391039,Pedestrian incident - EMS on site
 Richmond Road and 40 Street SW ,2023-12-05 20:32:09,SW,-114.14528154877,51.02114290005,Pedestrian incident - EMS on site
 Beacon Hill Costco  ,2023-12-05 16:21:17,NW,-114.15653287346,51.15476633592,Pedestrian incident - EMS dispatched
 Marlborough Way north of Memorial Drive E ,2023-12-05 08:56:38,NE,-113.97695328998,51.05472636171,Pedestrian incident - EMS on site
 Southbound 8 Street at 10 Avenue SW ,2023-12-04 20:31:03,SW,-114.08138968234,51.04383756004,Pedestrian incident - EMS on site
 69 Street and Springbank Boulevard SW ,2023-12-01 17:35:42,SW,-114.19146270635,51.01750741724,Pedestrian incident - EMS on site
 Castleridge Boulevard and Westwinds Drive NE ,2023-11-28 13:51:23,NE,-113.96645633829,51.10842428188,Pedestrian incident - EMS dispatched
 2 Street and 57 Avenue SW ,2023-11-26 16:17:25,SE,-114.06860685216,51.00251027111,Pedestrian incident - EMS dispatched
 5658 Signal Hill Centre SW ,2023-11-24 18:11:41,SW,-114.16971036826,51.0189337302,Pedestrian incident - EMS dispatched
 51 Street and Glenbrook Pl SW ,2023-11-24 17:20:38,SW,-114.16100905869,51.02172586237,Pedestrian incident - EMS dispatched
 Centre Street and 8 Avenue NE ,2023-11-23 20:10:42,NE,-114.06253542003,51.05977212603,Pedestrian incident - EMS on site
 21 Street and 54 Avenue SW ,2023-11-23 20:08:57,SW,-114.11190287271,51.00500592739,Pedestrian incident - EMS on site
 12 Street and 16 Avenue SW ,2023-11-22 18:18:59,SW,-114.09163748263,51.03842821902,Pedestrian incident - EMS on site
 Southbound Macleod Trail and Shawnessy Boulevard SW ,2023-11-22 07:18:13,SE,-114.06857480789,50.91490169395,Pedestrian incident - EMS on site
 Edmonton Trail and 31 Avenue NE ,2023-11-20 15:28:24,NE,-114.05481302851,51.08051333989,Pedestrian incident - EMS on site
 New Brighton Drive and 52 Street SE ,2023-11-20 09:19:50,SE,-113.95818794201,50.92539192368,Pedestrian incident - EMS dispatched
 20 Panatella Drive NW ,2023-11-19 19:57:18,NW,-114.07405849043,51.1654035209,Pedestrian incident - EMS dispatched
 Northmount Drive and Charleswood Drive NW ,2023-11-18 17:22:29,NW,-114.11742140872,51.08926514741,Pedestrian incident - EMS on site
 4A Street and 47 Avenue SW ,2023-11-17 15:36:46,SW,-114.07397198615,51.0113967343,Pedestrian incident - EMS dispatched
 Westbound Memorial Drive at and Marlborough Way NE ,2023-11-17 07:04:42,NE,-113.97724354123,51.05271973344,Pedestrian incident - EMS on site
 Westbound Memorial Drive at and Marlborough Way NE ,2023-11-17 07:04:42,NE,-113.97719075283,51.0527502882,Pedestrian incident - EMS on site
 Westbound Memorial Drive at and Marlborough Way NE ,2023-11-17 07:04:42,NE,-113.97730400429,51.05274509621,Pedestrian incident - EMS on site
 5 Avenue at 3 Street SE ,2023-11-12 19:33:32,NE,-114.05544461034,51.04820018187,Pedestrian incident - EMS on site
 Westbound McKnight Boulevard and Trelle Drive NE ,2023-11-10 21:50:42,NE,-114.05818001549,51.09612056084,Pedestrian incident - EMS on site
 8 Street and 8 Avenue SW ,2023-11-09 15:44:25,NW,-114.08123855993,51.04606028716,Pedestrian incident - EMS on site
 3 Street south of 5 Avenue SE ,2023-11-09 08:00:29,NE,-114.05553188083,51.04795238351,Pedestrian incident - EMS dispatched
 Westbound 16 Avenue and 7 Street NW ,2023-11-03 18:27:52,NW,-114.07891435328,51.06698993971,Pedestrian incident - EMS on site
 10 Avenue and 5 Street SW ,2023-11-03 13:57:26,SW,-114.0740119008,51.0436307565,Pedestrian incident - EMS on site
 6 Avenue and 8 Street SW ,2023-11-01 15:10:42,NW,-114.08111752543,51.0479621489,Pedestrian incident - EMS on site
 Southbound Sarcee Trail at Richmond Road SW ,2023-11-01 11:13:02,SW,-114.16612033983,51.01776239613,Pedestrian incident - EMS on site
 Northbound 14 Street and Roselawn Cr NW ,2023-11-01 07:31:59,NW,-114.09455630009,51.07676864962,Pedestrian incident - EMS dispatched
 Southbound 14 Street at Cromwell Avenue NW ,2023-11-01 07:31:59,NW,-114.09482044812,51.08458900781,Pedestrian incident - EMS dispatched
 Acadia Drive and Lake Bonavista Drive SE ,2023-11-01 07:06:48,SE,-114.04818087046,50.93747685178,Pedestrian incident - EMS dispatched
 6 Avenue and 4 Street SE ,2023-10-31 16:38:13,NE,-114.05306185795,51.04715668133,Pedestrian incident - EMS dispatched
 Tuscany Boulevard and Tuscany Wy NW ,2023-10-30 08:37:29,NW,-114.24645568644,51.12390655011,Pedestrian incident - EMS dispatched
 Elbow Drive and Southglen Drive SW ,2023-10-25 14:53:48,SW,-114.08479489661,50.95456583092,Pedestrian incident - EMS dispatched
 120 Avenue and Canterbury Drive SW ,2023-10-25 00:51:59,SW,-114.07559966351,50.94509537109,Pedestrian incident - EMS on site
 Cranston Avenue and Cranbrook Gardens SE ,2023-10-23 07:52:57,SE,-113.97221339431,50.86295476425,Pedestrian incident - EMS on site
 11 Avenue and 1 Street SW ,2023-10-21 18:24:11,SE,-114.06572815405,51.04246119942,Pedestrian incident - EMS on site
 10 Avenue east of 5 Street SW ,2023-10-21 00:53:01,SW,-114.07300046136,51.04356738569,Pedestrian incident - EMS dispatched
 10 Avenue b/w 4 Street SW and 2 Street SW ,2023-10-21 00:53:01,SE,-114.0703469896,51.04352577226,Pedestrian incident - EMS dispatched
 17 Avenue and 11 Street SW ,2023-10-20 10:05:35,SW,-114.09004531408,51.03781770437,Pedestrian incident - EMS on site
 Eastbound Memorial Drive east of Barlow Trail E ,2023-10-19 20:42:05,NE,-113.99426936877,51.04703023342,Pedestrian incident - EMS dispatched
 Southbound 36 Street at 8 Avenue NE ,2023-10-19 11:56:45,NE,-113.98192032098,51.05952927103,Pedestrian incident - EMS on site
 Country Hills Boulevard and Country Hills Drive NW ,2023-10-18 10:57:48,NW,-114.07745166678,51.14757079713,Pedestrian incident - EMS on site
 Taradale Drive and Taravista Drive NE ,2023-10-16 16:25:10,NE,-113.92987986557,51.1216192234,Pedestrian incident - EMS dispatched
 Canyon Meadows Drive and Parkland Boulevard SE ,2023-10-16 06:35:53,SE,-114.03860677096,50.93017260528,Pedestrian incident - EMS on site
 61 Avenue and 3 Street SW ,2023-10-14 15:21:52,SE,-114.06959206249,50.99764188966,Pedestrian incident - EMS on site
 Bowness Road and 46 Street NW ,2023-10-13 14:20:47,NW,-114.16053527784,51.07264033696,Pedestrian incident - EMS on site
 7 Avenue at Macleod Trail SE ,2023-10-12 21:41:26,NE,-114.05804419606,51.04634586675,Pedestrian incident - EMS on site
 Eastbound 9 Avenue and 5 Street SW ,2023-10-12 06:59:31,SW,-114.07400937239,51.04490783991,Pedestrian incident - EMS on site
 4 Street and 2 Avenue NE ,2023-10-11 15:46:34,NE,-114.0517031353,51.0546769249,Pedestrian incident - EMS on site
 1 Street at 3 Avenue SE ,2023-10-11 14:09:34,NE,-114.06023258676,51.05021088217,Pedestrian incident - EMS on site
 Somervale Drive and Somervale Link SW ,2023-10-10 15:17:53,SW,-114.07259315768,50.90051373216,Pedestrian incident - EMS on site
 12 Avenue and 10 Street SW ,2023-10-09 19:46:35,SW,-114.08644198838,51.04207769741,Pedestrian incident - EMS on site
 10 Avenue and 17 Street SW ,2023-10-08 09:39:33,SW,-114.10033603016,51.04438370057,Pedestrian incident - EMS on site
 Southbound 52 Street and 26 Avenue NE ,2023-10-07 15:35:58,NE,-113.95850372591,51.07631641856,Pedestrian incident - EMS on site
 Eastbound 9 Avenue and 5 Street SW ,2023-10-07 15:32:31,SW,-114.07400937239,51.04490783991,Pedestrian incident - EMS on site
 Cranston Avenue and Cranarch Road SE ,2023-10-06 08:29:51,SE,-113.97618782699,50.87887621751,Pedestrian incident - EMS on site
 76 Avenue and 18 Street SE ,2023-10-05 18:09:45,SE,-114.01594913447,50.98504818595,Pedestrian incident - EMS on site
 52 Avenue and 40 Street NE ,2023-10-05 16:34:07,NE,-113.97618857492,51.10012122909,Pedestrian incident - EMS on site
 6 Avenue and 3 Street SE ,2023-10-04 14:40:48,NE,-114.05550763576,51.04723618328,Pedestrian incident - EMS on site
 19 Street and 8 Avenue NE ,2023-09-30 21:29:59,NE,-114.01329787227,51.05960461731,Pedestrian incident - EMS on site
 Southbound 26 Street and 19 Avenue SE ,2023-09-27 16:23:21,SE,-113.99579447965,51.03596096409,Pedestrian incident - EMS on site
 4 Avenue and Macleod Trail SE ,2023-09-26 16:34:42,NE,-114.05784152244,51.04919004788,Pedestrian incident - EMS on site
 1 Avenue and 8a Street NE ,2023-09-26 15:42:52,NE,-114.04169245993,51.05325245786,Pedestrian incident - EMS on site
 14 Street and 38 Avenue SW ,2023-09-24 19:46:30,SW,-114.09468551044,51.0201400792,Pedestrian incident - EMS on site
 Country Hills Boulevard and Country Village Way NE ,2023-09-23 01:35:05,NE,-114.06099302805,51.15424953953,Pedestrian incident - EMS on site
 5 Street and 8 Avenue SW ,2023-09-22 08:37:39,NW,-114.07388293555,51.0458391664,Pedestrian incident - EMS on site
 33 Street and 5 Avenue NE ,2023-09-21 18:03:29,NE,-113.98600049072,51.05701414985,Pedestrian incident - EMS on site
 Abingdon Cr and Abbotsford Drive NE ,2023-09-20 21:18:51,NE,-113.92686721596,51.06176169183,Pedestrian incident - EMS on site
 55 Avenue and 3 Street SW ,2023-09-20 09:20:54,SE,-114.07006288048,51.0040621251,Pedestrian incident - EMS on site
 26 Avenue and 50 Street NE ,2023-09-18 15:12:51,NE,-113.96131175649,51.07624807108,Pedestrian incident - EMS on site
 Signal Hill CE and Stewart Gr SW ,2023-09-18 14:51:01,SW,-114.17104763151,51.01724898304,Pedestrian incident - EMS on site
 7020 4 Street NW ,2023-09-17 16:53:13,NE,-114.07023167549,51.11604810924,Pedestrian incident - EMS on site
 Southbound 36 Street at Whitehorn Drive NE ,2023-09-17 05:37:48,NE,-113.98195308118,51.08533831733,Pedestrian incident - EMS on site
 Southbound 36 Street approaching 32 Avenue NE ,2023-09-17 05:37:48,NE,-113.9817599777,51.08639736033,Pedestrian incident - EMS on site
 36 Street at Whitehorn Drive NE ,2023-09-17 05:37:48,NE,-113.98198433698,51.08534425533,Pedestrian incident - EMS on site
 Southbound 36 Street approaching 32 Avenue NE ,2023-09-17 05:37:48,NE,-113.98193071622,51.08559218216,Pedestrian incident - EMS on site
 Westbound 17 Avenue at Stoney Trail SE ,2023-09-15 09:26:24,SE,-113.92475196926,51.03785046282,Pedestrian incident - EMS on site
 Berkshire Boulevard and Beddington Boulevard NW ,2023-09-15 08:44:55,NW,-114.08915364531,51.13355695628,Pedestrian incident - EMS on site
 Heritage Drive and Fairview Drive SE ,2023-09-15 08:27:23,SE,-114.06375898119,50.97956695802,Pedestrian incident - EMS on site
 Falconridge Boulevard and Castlebrook Drive NE ,2023-09-14 08:44:21,NE,-113.95659808241,51.10314052439,Pedestrian incident - EMS on site
 24 Avenue and Upper Pl NW ,2023-09-14 08:11:07,NW,-114.13266594672,51.0742907338,Pedestrian incident - EMS on site
 Southbound 37 Street south of 17 Avenue SW ,2023-09-13 16:13:21,SW,-114.1414119737,51.03742585943,Pedestrian incident - EMS dispatched
 37 Street and 25 Avenue SW ,2023-09-12 12:42:11,SW,-114.1411960809,51.03160129891,Pedestrian incident - EMS on site
 Carrington Boulevard and Carringsby Landing NW ,2023-09-12 11:28:36,NW,-114.08830476683,51.17869932049,Pedestrian incident - EMS on site
 Centre Street and 19 Avenue N ,2023-09-08 17:52:27,NE,-114.06247859751,51.06969975537,Pedestrian incident - EMS dispatched
 4 Street and 26 Avenue SW ,2023-09-08 17:20:27,SW,-114.07151187329,51.02969955353,Pedestrian incident - EMS dispatched
 Sarcee Trail and 34 Avenue NW ,2023-09-07 16:32:33,NW,-114.18911789342,51.08361976344,Pedestrian incident - EMS on site
 5 Street and 4 Avenue SW ,2023-09-07 15:46:25,NW,-114.07357506393,51.04963437511,Pedestrian incident - EMS on site
 24 Street and 162 Avenue SW ,2023-09-07 07:49:15,SW,-114.11719163322,50.9063758839,Pedestrian incident - EMS on site
 10 Avenue at 1 Street SE ,2023-09-05 09:30:22,SE,-114.06072866217,51.0432553605,Pedestrian incident - EMS on site
 Rundlehorn Drive and 56 Street NE ,2023-09-04 22:33:16,NE,-113.95255914764,51.07155699402,Pedestrian incident - EMS on site
 Westbound 16 Avenue approaching 44 Street NW ,2023-09-04 00:12:24,NW,-114.15955045919,51.06908383165,Pedestrian incident - EMS on site
 16 Avenue at 44 Street NW ,2023-09-04 00:12:24,NW,-114.1598377138,51.06930179912,Pedestrian incident - EMS dispatched
 7 Avenue and 4 Street SW ,2023-09-02 23:48:51,NW,-114.07147706769,51.0467382872,Pedestrian incident - EMS on site
 10 Avenue at 16 Street SW ,2023-09-02 19:42:57,SW,-114.09917625779,51.04433380853,Pedestrian incident - EMS on site
 Hubalta Road and 52 Street SE ,2023-09-02 17:37:10,SE,-113.95939643667,51.03330407815,Pedestrian incident - EMS on site
 Westbound 11 Avenue at 12 Street SW ,2023-09-01 15:30:10,SW,-114.09156373523,51.04318762577,Pedestrian incident - EMS on site
 Eastbound Glenmore Trail at Elbow Drive SW ,2023-08-31 14:19:29,SW,-114.08562831756,50.99409770246,Pedestrian incident - EMS on site
 3 Street south of 5 Avenue SE ,2023-08-29 22:10:11,NE,-114.05546828254,51.0479595156,Pedestrian incident - EMS on site
 3 Street south of 5 Avenue SE ,2023-08-29 22:10:11,NE,-114.0554690941,51.04792256743,Pedestrian incident - EMS on site
 71 Street and 34 Avenue NW ,2023-08-29 08:07:30,NW,-114.19059760681,51.08381126798,Pedestrian incident - EMS on site
 Eastbound 12 Avenue at 8 Street SW ,2023-08-27 21:50:24,SW,-114.08152367941,51.04194018249,Pedestrian incident - EMS on site
 Westbound 6 Avenue and 3 Street SE ,2023-08-26 19:30:27,NE,-114.05550763576,51.04723618328,Pedestrian incident - EMS on site
 Southbound 14 Street at Bowness Road NW ,2023-08-26 09:19:59,NW,-114.09475636673,51.05111932846,Pedestrian incident - EMS on site
 Eastbound 12 Avenue at 4 Street SW ,2023-08-25 23:14:35,SW,-114.07148080218,51.04165908446,Pedestrian incident - EMS on site
 14 Street and North Haven Drive NW ,2023-08-21 21:02:13,NW,-114.09476769193,51.09215889053,Pedestrian incident - EMS on site
 6 Avenue approaching 7 Street SW ,2023-08-20 01:49:28,NW,-114.07744696768,51.04785010952,Pedestrian incident - EMS dispatched
 6 Avenue approaching 7 Street SW ,2023-08-20 01:49:28,NW,-114.07866483601,51.04789226711,Pedestrian incident - EMS dispatched
 Eastbound Southland Drive and 2 Street SE ,2023-08-19 07:44:47,SE,-114.06512287385,50.96495204172,Pedestrian incident - EMS on site
 5 Avenue and 8 Street SW ,2023-08-17 23:13:13,NW,-114.08105013878,51.04890162235,Pedestrian incident - Blocking lanes
 Westbound 17 Avenue and 61 Street SE ,2023-08-17 14:53:26,SE,-113.94334941174,51.03791849137,Pedestrian incident - EMS on site
 7 Avenue and 1 Street SE ,2023-08-14 15:10:13,NE,-114.06074165482,51.04642980859,Pedestrian incident - EMS on site
 Macleod Trail and 4 Avenue SE ,2023-08-09 22:20:21,NE,-114.05784152244,51.04919004788,Pedestrian incident - EMS on site
 Centre Street at 7 Avenue SE ,2023-08-09 08:53:16,NE,-114.06292197993,51.04648924595,Pedestrian incident - EMS on site
 41 Avenue and 1 Street NE ,2023-08-04 14:28:35,NE,-114.05989806536,51.08973011303,Pedestrian incident - EMS on site
 5 Avenue and 8 Street SW ,2023-08-03 20:06:05,NW,-114.08105013878,51.04890162235,Pedestrian incident - EMS on site
 8 Street and 13 Avenue SW ,2023-08-02 17:30:08,SW,-114.08159132652,51.04099774084,Pedestrian incident - EMS dispatched
 Northbound 8 Street at 11 Avenue SW ,2023-08-02 17:30:08,SW,-114.08140280089,51.04269783202,Pedestrian incident - EMS dispatched
 Children&#39;s Wy and Smith Street NW ,2023-07-31 06:45:19,NW,-114.14865260937,51.07620931686,Pedestrian incident - EMS on site
 Southbound 36 Street approaching 64 Avenue NE ,2023-07-30 04:45:39,NE,-113.98174241531,51.11323774947,Pedestrian incident - EMS on site
 8 Avenue and 2 Street SW ,2023-07-26 02:01:36,NE,-114.06694213124,51.04564773119,Pedestrian incident - EMS on site
 34 Street and 37 Avenue NE ,2023-07-21 09:17:05,NE,-113.98548026623,51.08666011017,Pedestrian incident - EMS on site
 Northbound Macleod Trail and 10 Avenue SE ,2023-07-21 08:38:05,SE,-114.05827168368,51.0431812773,Pedestrian incident - EMS on site
 68 Street and Abbeydale Drive NE ,2023-07-20 16:14:23,NE,-113.93503139177,51.05964503294,Pedestrian incident - EMS on site
 Cougar Ridge Drive and Cougarstone Court SW ,2023-07-18 20:38:21,NW,-114.21818305169,51.06981534775,Pedestrian incident - EMS on site
 Northbound Centre Street and 13 Avenue NW ,2023-07-17 12:36:32,NE,-114.06251912101,51.06440534,Pedestrian incident - EMS on site
 32 Avenue and 68 Street NW ,2023-07-16 14:18:26,NW,-114.1846576994,51.08153849957,Pedestrian incident - EMS on site
 Westbound Memorial Drive and Edmonton Trail NE ,2023-07-16 12:54:19,NE,-114.05033553746,51.05060185177,Pedestrian incident - EMS on site
 Westbound Memorial Drive and 4 Street NW ,2023-07-15 00:30:07,NW,-114.07151413586,51.05756638591,Pedestrian incident - EMS on site
 Shawville Boulevard and Shalom Wy SE ,2023-07-09 18:16:44,SE,-114.06676121783,50.9068522524,Pedestrian incident - EMS on site
 Northbound Macleod Trail and 25 Avenue SE ,2023-07-09 00:10:12,SE,-114.05967500215,51.03050853301,Pedestrian incident - EMS on site
 58 Avenue at 5 Street SW ,2023-07-05 09:12:27,SW,-114.0754826598,51.00138059831,Pedestrian incident - EMS on site
 Shawville Boulevard and Shawville Road SE ,2023-07-04 11:23:46,SE,-114.06475413178,50.90192679951,Pedestrian incident - EMS on site
 12 Avenue and 3 Street SE ,2023-07-03 17:04:06,SE,-114.05595175698,51.04121644515,Pedestrian incident - EMS on site
 Westbound 16 Avenue approaching 19 Street NW ,2023-07-02 19:47:41,NW,-114.10434920925,51.06703284049,Pedestrian incident - EMS on site
 Centre Street and 8 Avenue SE ,2023-06-27 18:14:01,NE,-114.06300353874,51.04553197533,Pedestrian incident - EMS on site
 Prestwick Avenue and Prestwick Boulevard SE ,2023-06-27 16:45:19,SE,-113.96608308773,50.92218921744,Pedestrian incident - EMS on site
 Eastbound Richmond Road and 50 Street SW ,2023-06-25 15:26:01,SW,-114.15988492838,51.01792760609,Pedestrian incident - EMS on site
 5 Avenue and 33 Street NE ,2023-06-21 16:43:36,NE,-113.98600049072,51.05701414985,Pedestrian incident - EMS on site
 24 Street and Braeside Drive SW ,2023-06-14 13:05:35,SW,-114.11805621805,50.95418733144,Pedestrian incident - EMS on site
 1 Street and 8 Avenue SE ,2023-06-10 13:06:23,NE,-114.06057012797,51.04547231133,Pedestrian incident - EMS on site
 Westbound Southland Drive and Macleod Trail S ,2023-06-09 13:17:28,SE,-114.07045044662,50.96502203756,Pedestrian incident - EMS on site
 9 Avenue and 5 Street SW ,2023-06-08 16:39:41,SW,-114.07400937239,51.04490783991,Pedestrian incident - EMS on site
 McKenzie Towne Drive and Elgin Park Road SE ,2023-06-08 15:40:11,SE,-113.96919004498,50.90961280312,Pedestrian incident - EMS on site
 34 Street and 20 Avenue NE ,2023-06-07 19:23:41,NE,-113.98555653845,51.07136831421,Pedestrian incident - EMS on site
 1 Street and 10 Avenue NW ,2023-06-06 13:43:20,NE,-114.06500653918,51.06157015818,Pedestrian incident - EMS on site
 Southbound 5 Street and 12 Avenue SW ,2023-06-04 13:49:26,SW,-114.07414662701,51.04173374654,Pedestrian incident - EMS on site
 Northbound 14 Street and 13 Avenue SW ,2023-05-31 12:01:12,SW,-114.09470909459,51.04136757382,Pedestrian incident - EMS on site
 34 Street and Sunridge Wy NE ,2023-05-30 12:36:50,NE,-113.98617445626,51.06871103539,Pedestrian incident - EMS on site
 Northbound 4 Street at 8 Avenue SW ,2023-05-26 07:43:52,NW,-114.0715165352,51.04578867765,Pedestrian incident - EMS on site
 10 Avenue and 12 Street SW ,2023-05-25 17:09:36,SW,-114.09124513036,51.04411453703,Pedestrian incident - EMS on site
 10 Street and 17 Avenue SW ,2023-05-21 11:20:21,SW,-114.08703932692,51.03781314948,Pedestrian incident - EMS on site
 Westbound 17 Avenue and 7 Street SW ,2023-05-17 20:19:20,SW,-114.07935812664,51.03781286408,Pedestrian incident - EMS on site
 Northbound 14 Street after John Laurie Boulevard NW ,2023-05-15 16:16:38,NW,-114.09896965537,51.0907799907,Pedestrian incident - EMS on site
 17 Avenue and 6 Street SW ,2023-05-01 23:32:55,SW,-114.07686801789,51.03781084257,Pedestrian incident - EMS on site
 25 Avenue and Macleod Trail S ,2023-05-01 22:47:04,SE,-114.05897346805,51.03097096256,Pedestrian incident - EMS on site
 26a Street and 26 Avenue SW ,2023-04-28 13:48:18,SW,-114.1251829087,51.03006243237,Pedestrian incident - EMS on site
 Southbound 52 Street at 26 Avenue NE ,2023-04-27 22:09:35,NE,-113.95850372591,51.07631641856,Pedestrian incident - EMS on site
 19 Street and 9 Avenue SE ,2023-04-21 16:41:36,SE,-114.01995132252,51.03541833381,Pedestrian incident - EMS on site
 Eastbound 17 Avenue and Deerfoot Trail SE ,2023-04-16 14:48:01,SE,-114.00167006835,51.03697597013,Pedestrian incident - EMS on site
 14 Street and 33 Avenue SW ,2023-04-13 16:24:14,SW,-114.09469238054,51.0240025286,Pedestrian incident - EMS on site
 12 Avenue and Centre Street N ,2023-04-08 16:20:41,NE,-114.06252283218,51.06334760938,Pedestrian incident - EMS on site
 1 Avenue and Edmonton Trail NE ,2023-04-06 16:52:36,NE,-114.05028322963,51.0532686755,Pedestrian incident - EMS on site
 Memorial Drive and 52 Street NE ,2023-04-01 20:58:24,NE,-113.95570722846,51.05323100486,Pedestrian incident - EMS on site
 Westbound Southland Drive and 2 Street SE ,2023-04-01 15:36:57,SE,-114.06437482205,50.96499542789,Pedestrian incident - EMS on site
 38 Street and whitehorn Drive NE ,2023-03-29 19:37:40,NE,-113.97863033994,51.08494490861,Pedestrian incident - EMS dispatched
 Westbound 12 Avenue and Olympic Wy SE ,2023-03-24 22:40:35,SE,-114.05349247556,51.04114729684,Pedestrian incident - EMS on site
 Elbow Drive and 68 Avenue SW ,2023-03-24 13:24:30,SW,-114.0832594664,50.99240771127,Pedestrian incident - EMS dispatched
 61 Avenue and 1a Street SW ,2023-03-21 10:24:04,SE,-114.06764646483,50.99764501008,Pedestrian incident - EMS on site
 68 Street and 37 Avenue NE ,2023-03-20 15:36:34,NE,-113.93517675291,51.08650819641,Pedestrian incident - EMS dispatched
 Royal Terrace and Royal Oak Drive NW ,2023-03-20 08:41:36,NW,-114.23086603381,51.13858082838,Pedestrian incident - EMS on site
 Westbound 17 Avenue and 28 Street SE ,2023-03-16 09:24:13,SE,-113.99305424046,51.03791358579,Pedestrian incident - EMS on site
 Eastbound Memorial Drive and 10 Street NW ,2023-03-15 06:31:07,NW,-114.08586034759,51.05196098759,Pedestrian incident - EMS on site
 4 Street and 14 Avenue SW ,2023-03-11 01:52:28,SW,-114.07150780387,51.03974686019,Pedestrian incident - EMS on site
 11 Avenue and 11 Street SW ,2023-03-09 16:24:06,SW,-114.08884258154,51.04309704169,Pedestrian incident - EMS on site
 Eastbound Richmond Road and Stewart Gr SW ,2023-03-09 12:56:26,SW,-114.17055362239,51.01716376277,Pedestrian incident - EMS on site
 20 Avenue and 48 Street SE ,2023-02-26 20:50:46,SE,-113.9643525038,51.03552481456,Pedestrian incident - EMS on site
 Westbound 6 Avenue and Centre Street S ,2023-02-22 06:24:37,NE,-114.06286708463,51.04744497376,Pedestrian incident - EMS on site
 6 Avenue and 3 Street SE ,2023-02-20 03:00:46,NE,-114.05442147077,51.04722168121,Pedestrian incident - EMS dispatched
 Shawville Boulevard and Shawville Gate SE ,2023-02-19 21:23:28,SE,-114.06185161744,50.89689867095,Pedestrian incident - EMS on site
 Shawville Gate and Shawville Boulevard SE ,2023-02-19 15:23:52,SE,-114.06202203415,50.8974139751,Pedestrian incident - EMS on site
 24 Avenue and University Drive NW ,2023-02-17 13:05:52,NW,-114.12959625241,51.07444664221,Pedestrian incident - EMS dispatched
 42 Avenue and 39 Avenue SE ,2023-02-17 07:10:39,SE,-114.05756697842,51.01593187371,Pedestrian incident - EMS on site
 25 Avenue and Stampede Trail SE ,2023-02-16 21:57:17,SE,-114.05689857898,51.03131054535,Pedestrian incident - EMS on site
 68 Avenue and 4 Street NW ,2023-02-15 15:16:20,NW,-114.07144568189,51.11409536652,Pedestrian incident - EMS dispatched
 Rundlelawn Road and Rundlelawn Road NE ,2023-02-09 08:03:37,NE,-113.97654958084,51.07712528867,Pedestrian incident - EMS dispatched
 Eastbound Memorial Drive at 39 Street SE ,2023-02-08 20:11:05,NE,-113.9769255901,51.05248719692,Pedestrian incident - EMS on site
 17 Avenue at 4 Street SW ,2023-02-08 19:01:58,SW,-114.07148204062,51.03783053229,Pedestrian incident - EMS dispatched
 68 Street and 12 Avenue NE ,2023-02-07 08:10:52,NE,-113.93556481734,51.06279532214,Pedestrian incident - EMS on site
 Harvest Hills Boulevard and 96 Avenue NE ,2023-02-04 16:43:09,NE,-114.0693214551,51.1424884253,Pedestrian incident - EMS dispatched
 Memorial Drive west of 28 Street SE ,2023-02-02 04:39:35,NE,-113.99401729645,51.04760915934,Pedestrian incident - EMS dispatched
 1 Street and 10 Avenue SE ,2023-01-31 10:01:44,SE,-114.06072866217,51.0432553605,Pedestrian incident - EMS on site
 17 Avenue and 5 Street SW ,2023-01-28 19:15:59,SW,-114.0742906804,51.0378294999,Pedestrian incident - EMS dispatched
 Dalhousie Drive and Dalton Drive NW ,2023-01-27 08:22:11,NW,-114.14747605151,51.10332841515,Pedestrian incident - EMS on site
 17 Avenue and 50 Street SE ,2023-01-26 12:41:36,SE,-113.96137262047,51.03792916406,Pedestrian incident - EMS dispatched
 Northbound Deerfoot Trail after Peigan Trail SE ,2023-01-24 18:48:04,SE,-114.00057871951,51.02370638262,Pedestrian incident - EMS on site
 Northbound Deerfoot Trail after Peigan Trail SE ,2023-01-24 18:48:04,SE,-114.00037032733,51.02419084191,Pedestrian incident - EMS on site
 Northbound Deerfoot Trail after Peigan Trail SE ,2023-01-24 18:48:04,SE,-114.00043846138,51.02401904727,Pedestrian incident - EMS on site
 Westbound 17 Avenue and 1 Street SW ,2023-01-23 17:47:49,SE,-114.0660638084,51.03783174285,Pedestrian incident - EMS on site
 Forge Road and Farrell Road SE ,2023-01-23 12:07:30,SE,-114.05952618724,50.99356508896,Pedestrian incident - EMS on site
 Eastbound 16 Avenue and 17 Street NW ,2023-01-20 21:14:13,NW,-114.10209276154,51.06701226877,Pedestrian incident - EMS on site
 Southbound 52 Street and 61 Avenue SE ,2023-01-19 07:35:14,SE,-113.95862577866,50.9990991422,Pedestrian incident - EMS dispatched
 16 Avenue and 44 Street NW ,2023-01-18 01:35:24,NW,-114.15955045919,51.06908383165,Pedestrian incident - EMS on site
 17 Avenue and 5 Street SW ,2023-01-16 20:19:22,SW,-114.0742906804,51.0378294999,Pedestrian incident - EMS on site
 46 Avenue and 45 Street SW ,2023-01-16 13:38:22,SW,-114.15280810869,51.01248629797,Pedestrian incident - EMS on site
 17 Avenue and 6 Street SW ,2023-01-16 12:37:48,SW,-114.07686801789,51.03781084257,Pedestrian incident - EMS dispatched
 Northbound 18 Street at Riverglen Drive SE ,2023-01-16 07:37:06,SE,-114.01561261575,50.97578852401,Pedestrian incident - EMS on site
 Northbound 18 Street at Riverglen Drive SE ,2023-01-16 07:37:06,SE,-114.01571871277,50.97582626711,Pedestrian incident - EMS on site
 12 Avenue and 2 Street SW ,2023-01-15 13:18:21,SE,-114.06833799196,51.04109416124,Pedestrian incident - EMS dispatched
 Northbound Banff Trail approaching Crowchild Trail NW ,2023-01-14 18:36:31,NW,-114.11669231524,51.07220436129,Pedestrian incident - EMS on site
 64 Avenue and Centre Street N ,2023-01-13 19:46:50,NE,-114.06288232678,51.11070598048,Pedestrian incident - EMS on site
 11 Avenue and 14 Street SW ,2023-01-11 23:07:47,SW,-114.09475574429,51.04326518008,Pedestrian incident - EMS on site
 Southbound 36 Street and 5 Avenue NE ,2023-01-11 11:48:00,NE,-113.98194167239,51.05671468527,Pedestrian incident - EMS on site
 Ranchlands Wy and Ranchlands Boulevard NW ,2023-01-11 07:26:59,NW,-114.19602325311,51.12271365299,Pedestrian incident - EMS dispatched
 Richmond Road and 20 Avenue SW ,2023-01-09 12:35:55,SW,-114.11119798565,51.03526905839,Pedestrian incident - EMS dispatched
 16 Avenue and 45 Street SE ,2023-01-07 08:37:18,SE,-113.96859301082,51.03939261009,Pedestrian incident - EMS dispatched
 Saddletree Drive and Saddleridge Drive NE ,2023-01-07 04:35:56,NE,-113.95238968495,51.12975185584,Pedestrian incident - EMS on site
 26 Avenue and 36 Street NE ,2023-01-06 16:04:04,NE,-113.98195652457,51.07758759872,Pedestrian incident - EMS dispatched
 Eastbound 17 Avenue at 29 Street SW ,2023-01-05 14:33:05,SW,-114.12954634143,51.03780504741,Pedestrian incident - EMS on site
 Northbound Macleod Trail after 9 Avenue SE ,2023-01-04 19:12:22,SE,-114.05799148775,51.04479318628,Pedestrian incident - EMS on site
 14 Street and 10 Avenue SW ,2023-01-03 18:07:06,SW,-114.09476137912,51.04420981709,Pedestrian incident - EMS on site
 17 Avenue and 8 Street SW ,2023-01-03 11:53:38,SW,-114.08179134403,51.03781478247,Pedestrian incident - EMS on site
 Country Hills Boulevard and Edgepark Boulevard NW ,2023-01-02 19:10:58,NW,-114.15709497136,51.13848391999,Pedestrian incident - EMS dispatched
 1 Street and 13 Avenue SE ,2023-01-01 15:35:55,SE,-114.06093384811,51.04041530539,Pedestrian incident - EMS on site
 17 Avenue and 2 Street SW ,2022-12-31 19:57:21,SE,-114.06849973162,51.03783123951,Pedestrian incident - EMS on site
 Northbound 14 Street and 2 Avenue NW ,2022-12-31 19:00:31,NW,-114.09470349814,51.05456836845,Pedestrian incident - EMS dispatched
 1 Street and 5 Avenue SE ,2022-12-31 13:52:05,NE,-114.06036704609,51.04831937422,Pedestrian incident - EMS on site
 16 Avenue and 46 Street NW ,2022-12-24 15:38:48,NW,-114.16216083549,51.07178542054,Pedestrian incident - EMS dispatched
 Hubalta Road and 50 Street SE ,2022-12-22 16:36:58,SE,-113.961205606,51.03217962523,Pedestrian incident - EMS on site
 Southbound Macleod Trail and 58 Avenue SW ,2022-12-19 18:33:06,SW,-114.07171230738,51.00132867484,Pedestrian incident - EMS dispatched
 Macleod Trail and 86 Avenue SE ,2022-12-19 16:04:31,SW,-114.07169293968,50.97590718011,Pedestrian incident - EMS dispatched
 Applewood Drive and Applefield Close SE ,2022-12-15 18:22:54,SE,-113.92788210309,51.04210026906,Pedestrian incident - EMS on site
 Nolan Hill Boulevard and Nolanhurst Wy NW ,2022-12-15 14:28:05,NW,-114.17055256761,51.17866065421,Pedestrian incident - EMS on site
 Kincora Gate and Shaganappi Trail NW ,2022-12-14 15:38:03,NW,-114.14888832303,51.16547641039,Pedestrian incident - EMS on site
 19 Street and 18 Avenue NE ,2022-12-14 15:11:43,NE,-114.01343908067,51.06890750531,Pedestrian incident - EMS on site
 Dalhousie Drive and Dalton Drive NW ,2022-12-13 14:45:30,NW,-114.15478186118,51.10477952083,Pedestrian incident - EMS on site
 James McKevitt Road and Millrise Hl SW ,2022-12-12 15:12:01,SW,-114.08924533207,50.92107144913,Pedestrian incident - EMS on site
 8 Avenue and 44 Street SE ,2022-12-12 14:55:47,NE,-113.96999650323,51.04516322137,Pedestrian incident - EMS on site
 68 Avenue and Centre Street North ,2022-12-12 04:46:56,NE,-114.06770764783,51.11584454451,Pedestrian incident - EMS on site
 Castlebury Wy and Castlebrook Road NE ,2022-12-09 08:36:12,NE,-113.96205328383,51.1044554491,Pedestrian incident - EMS dispatched
 Northbound 11 Street at 11 Avenue SW ,2022-12-07 15:06:51,SW,-114.08884258154,51.04309704169,Pedestrian incident - EMS on site
 17 Avenue and 33 Street SW ,2022-12-07 10:19:23,SW,-114.13547175821,51.03780794828,Pedestrian incident - EMS on site
 17 Avenue and 2 Street SW ,2022-12-05 16:35:58,SE,-114.06849973162,51.03783123951,Pedestrian incident - EMS dispatched
 19 Avenue and 39 Street SE ,2022-12-05 07:44:53,SE,-113.97721979956,51.03627876472,Pedestrian incident - EMS dispatched
 53 Street and Dalhousie Drive NW ,2022-12-04 12:01:36,NW,-114.16244385491,51.10815166153,Pedestrian incident - EMS dispatched
 Southport Lane and Southport Road SW ,2022-12-04 10:34:57,SW,-114.07442121982,50.96101800825,Pedestrian incident - EMS dispatched
 Eastbound 16 Avenue and 12 Street NW ,2022-12-02 13:16:47,NW,-114.08983548522,51.06681961319,Pedestrian incident - EMS on site
 Memorial Drive and 59 Street NE ,2022-12-01 08:08:20,NE,-113.94902290258,51.05310296409,Pedestrian incident - EMS on site
 Crowfoot Parade and Scenic Acres Parade NW ,2022-11-29 07:52:23,NW,-114.21089655545,51.12114282009,Pedestrian incident - EMS on site
 194 Avenue and Chaparral Boulevard SE ,2022-11-28 15:14:21,SE,-114.0244006444,50.87758765049,Pedestrian incident - EMS on site
 Northbound Nose Hill Drive and Ranchlands Boulevard NW ,2022-11-25 20:47:55,NW,-114.19834639547,51.1242553218,Pedestrian incident - EMS on site
 26 Avenue and Rundleson Road NE ,2022-11-25 11:39:12,NE,-113.97915305254,51.07787902741,Pedestrian incident - EMS dispatched
 14 Street and 25 Avenue SW ,2022-11-25 11:16:42,SW,-114.09468445084,51.0314453387,Pedestrian incident - EMS dispatched
 Ogden Road and Blackfoot Trail SE ,2022-11-23 15:55:15,SE,-114.0309156277,51.02954069516,Pedestrian incident - EMS dispatched
 Ogden Road and Blackfoot Trail SE ,2022-11-23 15:55:15,SE,-114.0331066193,51.0293298246,Pedestrian incident - EMS dispatched
 Barlow Trail and 100 Avenue NE ,2022-11-23 08:34:25,NE,-114.00224826277,51.1434318161,Pedestrian incident - EMS on site
 51 Street and 35 Avenue SW ,2022-11-22 17:29:39,SW,-114.16098568719,51.02234448102,Pedestrian incident - EMS dispatched
 85 Street and 9 Avenue SW ,2022-11-21 12:55:36,NW,-114.2114014666,51.05970278219,Pedestrian incident - EMS on site
 Falconridge Drive and Falsbridge Drive NE ,2022-11-21 10:40:20,NE,-113.95652720548,51.09969782326,Pedestrian incident - EMS on site
 Cranston Avenue and Cranston Road SE ,2022-11-21 10:12:39,SE,-113.97905813449,50.87973648039,Pedestrian incident - EMS on site
 11 Street and 10 Avenue SW ,2022-11-21 08:14:40,SW,-114.08878307572,51.04404541427,Pedestrian incident - EMS on site
 4 Avenue and 5 Street NE ,2022-11-19 23:57:43,NE,-114.05001953588,51.05608041296,Pedestrian incident - EMS dispatched
 Macleod Trail and 6 Avenue SE ,2022-11-10 20:47:49,NE,-114.05797580066,51.04730627363,Pedestrian incident - EMS on site
 16 Avenue and 12 Street NW ,2022-11-08 20:21:33,NW,-114.08983548522,51.06681961319,Pedestrian incident - EMS on site
 Centre Street and 8 Avenue SE ,2022-11-04 18:17:40,NE,-114.06300353874,51.04553197533,Pedestrian incident - EMS dispatched
 Southbound 1 Street and 4 Street SE ,2022-11-01 11:38:51,NE,-114.06030023876,51.04925982413,Pedestrian incident - EMS on site
 37 Street and Richmond Road SW ,2022-10-31 09:42:55,SW,-114.14123021037,51.02214375378,Pedestrian incident - EMS on site
 17 Avenue and 44 Street SE ,2022-10-27 20:00:43,SE,-113.97001183339,51.03776386156,Pedestrian incident - EMS on site
 13 Avenue and 14 Street SW ,2022-10-27 03:40:18,SW,-114.09470909459,51.04136757382,Pedestrian incident - EMS on site
 Northbound Falconridge Boulevard and Taracove Estate Drive NE ,2022-10-25 15:49:23,NE,-113.94670215846,51.11866323423,Pedestrian incident - EMS on site
 McKenzie Towne Boulevard and Prestwick Boulevard SE ,2022-10-24 15:50:04,SE,-113.96474699382,50.91669453776,Pedestrian incident - EMS on site
 12 Street and 16 Avenue NW ,2022-10-21 22:22:12,NW,-114.0898255299,51.06735208082,Pedestrian incident - EMS on site
 Centre Street and 64 Avenue NW ,2022-10-20 17:19:32,NE,-114.06247807293,51.11073496398,Pedestrian incident - EMS on site
 Marsh Road and 4 Street NE ,2022-10-20 11:08:45,NE,-114.05170055173,51.05286909338,Pedestrian incident - EMS on site
 12 Avenue and 8 Street SW ,2022-10-18 19:17:48,SW,-114.08152367941,51.04194018249,Pedestrian incident - EMS on site
 Market Street and 45 Street SE ,2022-10-18 19:13:40,SE,-113.9473798276,50.88067359443,Pedestrian incident - EMS on site
 Edgepark Boulevard and Edgepark Cr NW ,2022-10-18 15:48:34,NW,-114.15773187519,51.13056358357,Pedestrian incident - EMS on site
 17 Avenue and 9 Street SW ,2022-10-18 09:07:12,SW,-114.08425535989,51.037816628,Pedestrian incident - EMS on site
 Westbound 16 Avenue and 46 Street NW ,2022-10-17 19:04:41,NW,-114.16273905996,51.07147321385,Pedestrian incident - EMS on site
 Evanspark Road and Evanspark Gd NW ,2022-10-17 16:27:37,NW,-114.11538506462,51.17447404004,Pedestrian incident - EMS on site
 Ranchlands Boulevard and John Laurie Boulevard NW ,2022-10-17 10:21:40,NW,-114.17952943187,51.12406116077,Pedestrian incident - EMS dispatched
 26 Avenue and 11 Street SE ,2022-10-17 09:58:08,SE,-114.03724381418,51.03056251331,Pedestrian incident - EMS on site
 64 Avenue and 4 Street NW ,2022-10-16 10:31:20,NW,-114.07155555326,51.11033170077,Pedestrian incident - EMS dispatched
 10 Avenue and 5 Street SW ,2022-10-15 13:17:24,SW,-114.0740119008,51.0436307565,Pedestrian incident
 Eastbound Memorial Drive and Edmonton Trail NE ,2022-10-15 11:28:42,NE,-114.05033553746,51.05060185177,Pedestrian incident - EMS on site
 19 Avenue and 35 Street SE ,2022-10-14 18:30:54,SE,-113.98305139487,51.03611389508,Pedestrian incident - EMS dispatched
 14 Street and 11 Avenue NW ,2022-10-13 20:20:56,NW,-114.09476432037,51.06228428095,Pedestrian incident - EMS dispatched
 Southbound Macleod Trail and 71 Avenue SE ,2022-10-13 19:53:43,SW,-114.07163644669,50.98962821306,Pedestrian incident - EMS on site
 Centre Street and Northmount Drive NW ,2022-10-13 17:27:51,NE,-114.06244018652,51.10264898432,Pedestrian incident - EMS dispatched
 Valleyview Road and 19 Street NE ,2022-10-13 15:51:53,NE,-114.01343869733,51.07103266903,Pedestrian incident - EMS on site
 Dalton Drive south of Dalhousie Drive NW ,2022-10-12 20:14:21,NW,-114.1540843612,51.1013967379,Pedestrian incident - EMS on site
 4 Avenue west of 1 Street SE ,2022-10-12 16:43:23,NE,-114.06085276631,51.04927275268,Pedestrian incident - EMS dispatched
 7 Street and 68 Avenue SW ,2022-10-10 22:01:05,SW,-114.08136551895,50.99233371096,Pedestrian incident - EMS on site
 Eastbound Memorial Drive and 7 Street NW ,2022-10-09 20:31:42,NW,-114.07774640535,51.05565397995,Pedestrian incident - EMS on site
 44 Street and 17 Avenue SE ,2022-10-08 17:31:03,SE,-113.97007975652,51.03790339979,Pedestrian incident - EMS on site
 Falconridge Drive and Falsbridge Drive NE ,2022-10-06 13:12:37,NE,-113.95652720548,51.09969782326,Pedestrian incident - EMS on site
 162 Avenue and 6 Street SW ,2022-10-05 16:27:01,SW,-114.07644798683,50.90269430278,Pedestrian incident - EMS dispatched
 52 Street and McKenzie Towne Boulevard SE ,2022-10-05 12:39:07,SE,-113.95871652707,50.91830077004,Pedestrian incident - EMS on site
 Edmonton Trail and 32 Avenue NE ,2022-10-04 21:02:24,NE,-114.05461025709,51.08150724366,Pedestrian incident - EMS dispatched
 15 Avenue and Macloed Trail SE ,2022-10-03 21:39:57,SE,-114.05861577622,51.03843110637,Pedestrian incident - EMS on site
 32 Street and 26 Avenue NE ,2022-10-03 14:38:25,NE,-113.98865042538,51.07786460324,Pedestrian incident - EMS dispatched
 Bowness Road and 49 Street NW ,2022-10-01 21:00:36,NW,-114.16682462625,51.07527342289,Pedestrian incident - EMS on site
 Castlebrook Road and Castleburry Way NE ,2022-09-30 18:31:32,NE,-113.9660617963,51.10371647414,Pedestrian incident - EMS on site
 Falconridge Boulevard and Saddletowne Circle NE ,2022-09-30 17:39:47,NE,-113.94685770564,51.12140127279,Pedestrian incident - EMS on site
 Templegreen Drive and Templegreen Road NE ,2022-09-30 17:30:38,NE,-113.94335864461,51.08845160775,Pedestrian incident - EMS on site
 Whitehorn Drive west of 52 Street NE ,2022-09-29 21:51:08,NE,-113.95897062272,51.08586838516,Pedestrian incident - EMS on site
 26 Avenue and 36 Street NE ,2022-09-29 08:31:35,NE,-113.98065257274,51.07767333157,Pedestrian incident - EMS on site
 Fairmount Drive and Southland Drive SE ,2022-09-28 14:26:55,SE,-114.0586756626,50.96399381308,Pedestrian incident - EMS dispatched
 Northmount Drive and Calandar Road NW ,2022-09-28 14:09:55,NW,-114.1009109158,51.08515331561,Pedestrian incident - EMS dispatched
 Old Banff Coach Road and Cougar Ridge Drive SW ,2022-09-27 19:10:32,NW,-114.21684651056,51.06706203906,Pedestrian incident - EMS on site
 Northbound Macleod Trail and 86 Avenue SE ,2022-09-26 16:55:30,SW,-114.07169293968,50.97590718011,Pedestrian incident - EMS on site
 24 Street and 91 Avenue SE ,2022-09-26 16:42:17,SE,-114.00215421571,50.97101719918,Pedestrian incident - EMS on site
 85 Street and Wentworth Drive SW ,2022-09-26 08:28:17,NW,-114.21137958104,51.05699538637,Pedestrian incident - EMS on site
 Northbound Crowchild Trail and 23 Avenue NW ,2022-09-25 22:51:58,NW,-114.11803342434,51.07101017222,Pedestrian incident - EMS dispatched
 42 Avenue East of Macleod Trail S ,2022-09-25 22:43:53,SE,-114.06196380917,51.01593942379,Pedestrian incident - EMS on site
 4 Avenue and 3 Street SE ,2022-09-25 16:00:13,NE,-114.05537749934,51.04908902808,Pedestrian incident - EMS on site
 Northbound Macleod Trail at 13 Avenue SE ,2022-09-23 09:28:47,SE,-114.05847673987,51.04034563154,Pedestrian incident - EMS on site
 112 Avenue and 76 Street NW ,2022-09-22 19:20:38,NW,-114.19657855354,51.15425623589,Pedestrian incident - EMS on site
 Northland Drive and 52 Avenue NW ,2022-09-22 16:18:10,NW,-114.14028853029,51.10080388602,Pedestrian incident - EMS on site
 Westwinds Drive and Castleridge Boulevard NE ,2022-09-22 13:45:02,NE,-113.96788518592,51.10970543616,Pedestrian incident - EMS on site
 60 Street and Cornerstone Avenue NE ,2022-09-21 22:02:06,NE,-113.94690844472,51.16099340455,Pedestrian incident - EMS dispatched
 84 Street and 17 Avenue SE ,2022-09-21 08:20:18,SE,-113.9120593341,51.03784420855,Pedestrian incident - EMS on site
 4 Avenue and 5 Street SW ,2022-09-21 06:43:02,NW,-114.07357506393,51.04963437511,Pedestrian incident - EMS on site
 25 Avenue and Erlton Street SW ,2022-09-20 17:09:27,SE,-114.06259720109,51.03047149479,Pedestrian incident - EMS on site
 10 Avenue west of 14 Street SW ,2022-09-20 14:17:41,SW,-114.09476137912,51.04420981709,Pedestrian incident - EMS on site
 Saddletowne Ci and Martindale Drive NE ,2022-09-19 03:55:57,NE,-113.94828708217,51.12400072087,Pedestrian incident - EMS dispatched
 Eastbound 17 Avenue at 36 Street SE ,2022-09-18 09:35:56,SE,-113.98168340998,51.03774856375,Pedestrian incident - EMS on site
 Richardson Road and Richardson Wy SW ,2022-09-17 18:09:55,SW,-114.13668369729,51.01351168954,Pedestrian incident - EMS on site
 Eastbound 17 Avenue and 60 Street SE ,2022-09-16 20:33:08,SE,-113.94696352785,51.03791425409,Pedestrian incident - EMS on site
 12 Avenue and Centre Street S ,2022-09-13 20:58:35,SE,-114.06329770755,51.04142665339,Pedestrian incident - EMS on site
 26 Avenue and 29 Street SW ,2022-09-12 15:46:20,SW,-114.12956920802,51.03005261734,Pedestrian incident - EMS on site
 Northbound 36 Street and Whitehorn Drive NE ,2022-09-12 13:53:29,NE,-113.98196350279,51.0849655173,Pedestrian incident - EMS on site
 Northbound 36 Street and Whitehorn Drive NE ,2022-09-12 13:53:29,NE,-113.98154224152,51.0854880211,Pedestrian incident - EMS on site
 Falconridge Boulevard and Falworth Road NE ,2022-09-10 15:55:27,NE,-113.95615507341,51.10293072063,Pedestrian incident - EMS on site
 Cityscape Ps and Cityscape Drive NE ,2022-09-09 19:31:45,NE,-113.96226163709,51.15228551432,Pedestrian incident - EMS on site
 Northbound 10 Street and 13 Avenue NW ,2022-09-07 14:28:33,NW,-114.08447576234,51.06390546167,Pedestrian incident - EMS on site
 15 Avenue east of 14 Street SW ,2022-09-06 12:09:15,SW,-114.09380574315,51.03945807202,Pedestrian incident - EMS on site
 Churchill Drive and Heritage Drive SW ,2022-09-03 17:08:22,SW,-114.09166939735,50.97957005647,Pedestrian incident - EMS on site
 Maitland Gate and Maitland Cr NE ,2022-09-03 02:42:15,NE,-113.93800801753,51.06623241814,Pedestrian incident - EMS on site
 Cornerbrook Gate and Country Hills Boulevard NE ,2022-09-01 19:57:10,NE,-113.9337524307,51.15420380152,Pedestrian incident - EMS on site
 Northbound 52 Street and Madigan Drive NE ,2022-09-01 18:21:40,NE,-113.95850095135,51.06218695339,Pedestrian incident - EMS on site
 Southbound Stoney Trail approaching Country Hills Boulevard NE ,2022-08-31 06:52:27,NE,-113.92115188973,51.16053776231,Pedestrian incident - EMS dispatched
 Marlborough WY and Marlborough Drive NE ,2022-08-29 09:12:35,NE,-113.97507761236,51.0595121905,Pedestrian incident - EMS dispatched
 12 Avenue approaching 6 Street SW ,2022-08-27 03:56:14,SW,-114.07783594134,51.04184416904,Pedestrian incident - EMS on site
 6 Avenue at 4 Street SW ,2022-08-27 02:06:48,NW,-114.07147910086,51.04768868028,Pedestrian incident - EMS on site
 2 Avenue and Centre Street S ,2022-08-24 17:34:39,NE,-114.0626241774,51.05122672274,Pedestrian incident - EMS dispatched
 Westbound 4 Avenue and 9 Street SW ,2022-08-23 21:22:21,NW,-114.08347289021,51.04989867599,Pedestrian incident - EMS on site
 11 Avenue and 12 Street SE ,2022-08-23 00:21:02,SE,-114.03587247349,51.03975801635,Pedestrian incident - EMS on site
 17 Avenue and 4 Street SW ,2022-08-21 01:44:07,SW,-114.07148204062,51.03783053229,Pedestrian incident - EMS dispatched
 Memorial Drive and Madigan Drive NE ,2022-08-20 20:57:27,NE,-113.94183702039,51.05271341084,Pedestrian incident - EMS on site
 29 Street and Hospital Drive NW ,2022-08-18 07:56:57,NW,-114.13072481921,51.0645595928,Pedestrian incident - EMS on site
 Bow Trail and 26 Street SW ,2022-08-18 01:01:29,SW,-114.12364276371,51.04150721622,Pedestrian incident - EMS on site
 Southbound Macleod Trail and 71 Avenue SE ,2022-08-17 11:55:21,SW,-114.07163644669,50.98962821306,Pedestrian incident - EMS on site
 Southbound Macleod Trail and Hull Avenue SW ,2022-08-17 11:55:21,SW,-114.07169293968,50.97590718011,Pedestrian incident - EMS on site
 Southbound Macleod Trail and 90 Avenue SE ,2022-08-17 11:55:21,SW,-114.07169998298,50.97225109621,Pedestrian incident - EMS on site
 2 Street and 18 Avenue SW ,2022-08-17 07:54:14,SE,-114.06858325986,51.03713709227,Pedestrian incident - EMS on site
 10 Avenue and 7 Street SW ,2022-08-14 03:16:28,SW,-114.07893935334,51.0437700197,Pedestrian incident - EMS dispatched
 Old Banff Coach Road and Coachway Road SW ,2022-08-13 19:25:37,NW,-114.18278380362,51.06103908148,Pedestrian incident - EMS on site
 112 Avenue and Royal Vista Drive NW ,2022-08-13 16:14:16,NW,-114.20913002704,51.1521076256,Pedestrian incident - EMS on site
 17 Avenue and 44 Street NW ,2022-08-12 17:20:12,NW,-114.15843214523,51.06967516698,Pedestrian incident - EMS dispatched
 5 Avenue and Macleod Trail SE ,2022-08-09 15:39:49,NE,-114.05790837957,51.04824968925,Pedestrian incident - EMS on site
 Coach Hill Road and Coach Side Road SW ,2022-08-08 09:27:52,NW,-114.17981004292,51.05681843522,Pedestrian incident - EMS on site
 Northbound Macleod Trail at 14 Avenue SE ,2022-08-07 10:49:09,SE,-114.05854555841,51.03939780864,Pedestrian incident - EMS on site
 36 Street and 12 Avenue NE ,2022-08-05 22:40:42,NE,-113.98231099454,51.06265406335,Pedestrian incident - EMS on site
 Southbound Macleod Trail at  61 Avenue SW ,2022-08-05 17:19:05,SW,-114.07167772322,50.9977463489,Pedestrian incident - EMS on site
 8 Avenue and 68 Street NE ,2022-08-03 18:09:10,NE,-113.93503185092,51.05962273871,Pedestrian incident - EMS on site
 Eastbound 90 Avenue and Bay Ridge Drive SW ,2022-08-03 16:38:48,SW,-114.10911595177,50.97217197515,Pedestrian incident - EMS on site
 Dover Ridge Drive and 36 Street SE ,2022-08-02 08:16:17,SE,-113.98171020428,51.0211158098,Pedestrian incident - EMS dispatched
 Marlborough Drive and Marlborough Wy NE ,2022-08-01 19:31:55,NE,-113.97507761236,51.0595121905,Pedestrian incident - EMS dispatched
 2 Avenue and 9a Street NW ,2022-07-31 12:45:00,NW,-114.08451124978,51.05424742786,Pedestrian incident - EMS dispatched
 10 Avenue and 2 Street SW ,2022-07-26 12:28:41,SE,-114.06812657815,51.04346496852,Pedestrian incident - EMS dispatched
 Northbound 8 Street at 10 Avenue SW ,2022-07-23 11:15:03,SW,-114.08138246686,51.04370748358,Pedestrian incident - EMS dispatched
 Southbound 10 Street and 2 Avenue NW ,2022-07-18 21:25:48,NW,-114.08590286541,51.05405043751,Pedestrian incident - EMS on site
 Southbound 14 Street and Cornell Pl NW ,2022-07-18 15:05:29,NW,-114.09472541675,51.08481139948,Pedestrian incident - EMS on site
 Northbound Deerfoot Trail and Airport Trail NE ,2022-07-16 07:50:12,NE,-114.03516956749,51.14110418159,Pedestrian incident - EMS on site
 Southbound Macleod Trail and 94 Avenue SE ,2022-07-16 01:21:56,SW,-114.07197984497,50.96916893415,Pedestrian incident - EMS on site
 30 Street and 66 Avenue SE ,2022-07-14 16:14:19,SE,-113.98433842421,50.99391874855,Pedestrian incident - EMS on site
 8 Avenue at 10 Street SW ,2022-07-12 18:46:38,NW,-114.08616184941,51.04618783181,Pedestrian incident - EMS dispatched
 8 Avenue and Edmonton Trail NE ,2022-07-11 13:25:51,NE,-114.05435568447,51.05973603184,Pedestrian incident - EMS on site
 Cemetery Road and Spiller Road SE ,2022-07-10 21:25:49,SE,-114.05458078367,51.02769291385,Pedestrian incident - EMS on site
 Saddlemont Boulevard and Saddlemead Road NE ,2022-07-10 14:27:52,NE,-113.94430926553,51.1265033995,Pedestrian incident - EMS on site
 16 Avenue and 47 Street SE ,2022-07-10 05:46:13,SE,-113.9657549024,51.03939181297,Pedestrian incident - EMS dispatched
 Southbound 14 Street and Colborne Cr SW ,2022-07-08 16:16:23,SW,-114.09468921413,51.03427261246,Pedestrian incident - EMS on site
 10 Avenue and 1 Street SW ,2022-07-08 16:10:33,SE,-114.06566159705,51.04339518061,Pedestrian incident - EMS on site
 50 Avenue and 8 Street SW ,2022-07-07 13:16:22,SW,-114.08602067287,51.00375336488,Pedestrian incident - EMS on site
 39 Avenue and Macleod Trail SE ,2022-07-05 16:50:31,SE,-114.06240923744,51.01853201813,Pedestrian incident - EMS on site
 17 Avenue and 36 Street SE ,2022-07-02 15:09:42,SE,-113.98168340998,51.03774856375,Pedestrian incident - EMS on site
 Memorial Drive at 9 Street NE ,2022-06-30 23:04:24,NE,-114.04038703207,51.04925266907,Pedestrian incident - EMS on site
 15 Avenue and 12 Street SW ,2022-06-30 22:08:45,SW,-114.09157818268,51.03937677344,Pedestrian incident - EMS dispatched
 Cityscape Drive and Cityside Road NE ,2022-06-22 17:04:54,NE,-113.96645745103,51.14633443773,Pedestrian incident - EMS on site
Eastbound 32 Avenue 36 Street NE,2022-06-19 17:00:00,NE,-113.9814639,51.05247848,Pedestrian incident - EMS dispatched
14 Street and 64 Avenue NW,2022-06-18 11:14:00,NW,-114.0835723,51.10912784,Pedestrian incident - EMS on site
Centre Street and 41 Avenue NE,2022-06-16 16:20:00,NE,-114.0624318,51.0896317,Pedestrian incident - EMS on site
36 Street and 8 Avenue NE,2022-06-16 15:42:00,NE,-113.9819203,51.05952927,Pedestrian incident - EMS on site
Macleod Trail and 9 Avenue SE,2022-06-16 10:01:00,SE,-114.0581785,51.04447099,Pedestrian incident - EMS on site
64 Avenue and Falconridge Boulevard NE,2022-06-15 19:37:00,NE,-113.9473403,51.11068937,Pedestrian incident - EMS on site
1 Street and 10 Avenue SW,2022-06-11 01:43:00,SE,-114.0656616,51.04339518,Pedestrian incident - EMS dispatched
19 Avenue and 40 Street SE,2022-06-10 20:18:00,SE,-113.9757477,51.03627964,Pedestrian incident - EMS on site
11 Avenue and 14 Street SW,2022-06-09 16:38:00,SW,-114.0942851,51.04300621,Pedestrian incident - EMS on site
37 Street at 13 Avenue SW,2022-06-08 17:49:00,SW,-114.1411234,51.04150998,Pedestrian incident - EMS on site
Manora Place and Madigan Drive NE,2022-06-08 13:10:00,NE,-113.9551327,51.0622659,Pedestrian incident - EMS on site
Sable Drive and Redwood Crescent SE,2022-06-08 07:56:00,SE,-113.9868037,51.03304995,Pedestrian incident - EMS on site
43 Street and 14 Avenue SE,2022-06-07 13:14:00,SE,-113.9714352,51.04093634,Pedestrian incident - EMS dispatched
8A Street and 34 Avenue SW,2022-06-06 11:36:00,SW,-114.085207,51.02328346,Pedestrian incident - EMS on site
Westbound 58 Avenue at Macleod Trail SW,2022-06-02 18:45:00,SW,-114.0717123,51.00132867,Pedestrian incident - EMS on site
Westwinds Drive east of Castleridge Boulevard NE,2022-06-02 18:29:00,NE,-113.9700053,51.10897146,Pedestrian incident - EMS dispatched
Southbound Macleod Trail at 53 Avenue SW,2022-06-02 18:12:00,SE,-114.0699068,51.00561332,Pedestrian incident - EMS on site
14 Street and 23 Avenue SW,2022-06-02 17:53:00,SW,-114.0946887,51.03323582,Pedestrian incident - EMS dispatched
Saddletowne Circle and Saddlemont Boulevard NE,2022-06-01 12:59:00,NE,-113.9449446,51.12614106,Pedestrian incident - EMS on site
32 Avenue and 48 Street NW,2022-05-31 16:35:00,NW,-114.1599746,51.08124954,Pedestrian incident - EMS dispatched
3 Street at 7 Avenue SW,2022-05-31 15:56:00,NE,-114.0703448,51.0467005,Pedestrian incident - EMS dispatched
3 Street b/w 7 Avenue and 8 Avenue SW,2022-05-31 15:56:00,NE,-114.0703659,51.04619418,Pedestrian incident - EMS dispatched
New Brighton Drive and New Brighton Way SE,2022-05-30 15:30:00,SE,-113.944695,50.91660828,Pedestrian incident - EMS dispatched
Maryvale Drive and Marlborough Wy NE,2022-05-26 14:48:00,NE,-113.9769313,51.0562253,Pedestrian incident - EMS on site
Saddlemont Boulevard and Saddltowne Circle NE,2022-05-24 16:02:00,NE,-113.9449446,51.12614106,Pedestrian incident - EMS on site
Shawinigan Drive and Shawnessy Boulevard SW,2022-05-24 08:45:00,SW,-114.089464,50.91370241,Pedestrian incident - EMS on site
68 Street and Applewood Drive SE,2022-05-24 08:00:00,NE,-113.9352317,51.04562684,Pedestrian incident - EMS on site
Nose Hill Drive and Silver Creek Drive NW,2022-05-22 23:29:00,NW,-114.2102265,51.11249681,Pedestrian incident - EMS on site
33 Street and 32 Avenue NW,2022-05-20 17:12:00,NW,-114.1341685,51.08142368,Pedestrian incident - EMS dispatched
12 Avenue and 5 Street SW,2022-05-15 02:56:00,SW,-114.0741466,51.04173375,Pedestrian incident - EMS on site
Shawinigan Drive north of 162 Avenue SW,2022-05-11 11:45:00,SW,-114.0762842,50.90330123,Pedestrian incident - EMS on site
Northbound 52 Street at 44 Avenue NE,2022-05-09 11:58:00,NE,-113.958159,51.09146237,Pedestrian incident - EMS on site
Northbound 52 Street at 44 Avenue NE,2022-05-09 11:58:00,NE,-113.9582279,51.09146859,Pedestrian incident - EMS on site
Canford Cr and Canterbury Drive SW,2022-05-07 22:39:00,SW,-114.0816503,50.94786351,Pedestrian incident - EMS on site
Eastbound Memorial Drive and 36 Street NE,2022-05-07 18:42:00,NE,-113.9829193,51.05213682,Pedestrian incident - EMS on site
77 Street and 41 Avenue NW,2022-05-06 16:34:00,NW,-114.1993184,51.08972551,Pedestrian incident - EMS dispatched
11 Avenue and 11 Street SW,2022-05-06 13:19:00,SW,-114.0888426,51.04309704,Pedestrian incident - EMS on site
7 Avenue and Centre Street S,2022-05-01 14:10:00,NE,-114.062922,51.04648925,Pedestrian incident - EMS on site
4155 128 Avenue SE,2022-04-28 16:14:00,SE,-113.9694901,50.9341311,Pedestrian incident - EMS dispatched
90 Avenue and Bonaventure Drive SE,2022-04-27 10:37:00,SE,-114.0687207,50.97224965,Pedestrian incident - EMS on site
75 Avenue and 4A Street SW,2022-04-26 18:35:00,SW,-114.0746513,50.98599695,Pedestrian incident - EMS dispatched
75 Avenue b/w 5 Street and 4A Street SW,2022-04-26 18:35:00,SW,-114.0746542,50.98602455,Pedestrian incident - EMS dispatched
6 Street and 9 Avenue SE,2022-04-23 21:22:00,SE,-114.0483437,51.04404468,Pedestrian incident - EMS on site
24 Street and Everridge Drive SW,2022-04-20 19:46:00,SW,-114.1171836,50.91088741,Pedestrian incident - EMS dispatched
Madigan Drive and 52 Street NE,2022-04-12 15:26:00,NE,-113.958501,51.06218695,Pedestrian incident - EMS on site
Heritage Drive and Fairview Drive SE,2022-04-11 15:52:00,SE,-114.063759,50.97956696,Pedestrian incident - EMS on site
Dalhousie Drive and Dalton Drive NW,2022-04-10 22:00:00,NW,-114.1547819,51.10477952,Pedestrian incident - EMS dispatched
15 Street and 17 Avenue SW,2022-04-08 19:09:00,SW,-114.0975958,51.03783034,Pedestrian incident - EMS on site
4 Street and 8 Avenue SW,2022-04-08 09:35:00,NW,-114.0715165,51.04578868,Pedestrian incident - EMS on site
19 Street and 9 Avenue SE,2022-04-05 14:36:00,SE,-114.0199513,51.03541833,Pedestrian incident - EMS on site
12 Avenue and 1 Street SW,2022-04-05 09:57:00,SE,-114.0657823,51.04149513,Pedestrian incident - EMS on site
3 Avenue and 5 Street SW,2022-04-04 17:01:00,NW,-114.0735185,51.05057824,Pedestrian incident - EMS on site
15 Avenue and 8 Street SW,2022-04-04 12:44:00,SW,-114.0817235,51.03910144,Pedestrian incident - EMS dispatched
36 Street and Radcliffe Drive SE,2022-04-01 21:12:00,NE,-113.9811582,51.04811149,Pedestrian incident - EMS on site
17 Avenue and 12 Street SW,2022-03-30 22:28:00,SW,-114.0916889,51.03782209,Pedestrian incident - EMS on site
38 Street and 17 Avenue SE,2022-03-29 21:14:00,SE,-113.9786794,51.03802188,Pedestrian incident - EMS on site
27 Street and 11 Avenue SE,2022-03-29 07:15:00,SE,-113.995531,51.04286795,Pedestrian incident - EMS dispatched
Saddlebrook Drive and Saddlebrook Link NE,2022-03-28 23:05:00,NE,-113.93096,51.13393023,Pedestrian incident - EMS on site
Northbound Macleod Trail and 4 Avenue SE,2022-03-27 21:58:00,NE,-114.0578415,51.04919005,Pedestrian incident - EMS on site
62 Street and Bowwood Drive NW,2022-03-26 03:36:00,NW,-114.1789967,51.08412653,Pedestrian incident - EMS dispatched
55 Avenue and 2 Street SW,2022-03-26 02:14:00,SE,-114.0686037,51.00406137,Pedestrian incident - EMS dispatched
12 Avenue and 1 Street SW,2022-03-25 23:03:00,SE,-114.0658427,51.04149429,Pedestrian incident - EMS dispatched
Sunridge Wy and 29 Street NE,2022-03-24 16:59:00,NE,-113.9918292,51.06919261,Pedestrian incident - EMS on site
39 Avenue at Burnsland Road SE,2022-03-24 11:10:00,SE,-114.0614032,51.01824946,Pedestrian incident - EMS dispatched
4818 Westwinds Drive NE,2022-03-22 15:49:00,NE,-113.9657208,51.10012969,Pedestrian incident - EMS on site
Southbound 10 Street at 19 Avenue NW,2022-03-18 17:12:00,NW,-114.0848782,51.06964411,Pedestrian incident - EMS on site
10 Avenue and 4 Street SW,2022-03-18 09:20:00,SW,-114.071512,51.04355743,Pedestrian incident - EMS on site
Goddard Avenue east of 4 Street NE,2022-03-16 08:17:00,NE,-114.052251,51.09745823,Pedestrian incident - EMS on site
Richmond Road and 33 Street SW,2022-03-15 16:58:00,SW,-114.1354798,51.02414449,Pedestrian incident - EMS dispatched
16 Avenue and Home Road NW,2022-03-04 19:24:00,NW,-114.1648051,51.07312847,Pedestrian incident - EMS on site
1 Street and 15 Avenue SE,2022-03-02 23:18:00,SE,-114.0609662,51.03857437,Pedestrian incident - EMS dispatched
Falconridge Boulevard at Castleridge Boulevard NE,2022-02-28 22:33:00,NE,-113.958381,51.09982912,Pedestrian incident - EMS dispatched
Falconridge Boulevard at Castleridge Boulevard NE,2022-02-28 22:33:00,NE,-113.958419,51.09971874,Pedestrian incident - EMS on site
62 Avenue and Centre Street S,2022-02-27 11:02:00,SE,-114.0638197,50.99651247,Pedestrian incident - EMS dispatched
Eastbound Memorial Drive and 10A Street NW,2022-02-21 16:30:00,NW,-114.0872515,51.05168532,Pedestrian incident - EMS on site
Eastbound Memorial Drive and 10A Street NW,2022-02-21 16:30:00,NW,-114.0871036,51.05161576,Pedestrian incident - EMS on site
1 Street and 7 Avenue SE,2022-02-21 12:48:00,NE,-114.0605032,51.04640854,Pedestrian incident - EMS on site
6500 Macleod Trail SW,2022-02-19 15:17:00,SE,-114.0704277,50.99609262,Pedestrian incident - EMS on site
1 Street and 4 Avenue SE,2022-02-18 21:51:00,NE,-114.0603002,51.04925982,Pedestrian incident - EMS on site
11 Avenue and 9 Street SW,2022-02-18 15:54:00,SW,-114.0839233,51.04295783,Pedestrian incident - EMS dispatched
Macleod Trail and 90 Avenue SE,2022-02-17 04:09:00,SW,-114.0717,50.9722511,Pedestrian incident - EMS on site
4 Avenue at Edmonton Trail NE,2022-02-16 11:08:00,NE,-114.0523943,51.05564067,Pedestrian incident - EMS dispatched
4 Avenue and 4 Street SW,2022-02-14 21:14:00,NW,-114.0715118,51.0495925,Pedestrian incident - EMS on site
13 Avenue and 10 Street SW,2022-02-12 23:54:00,SW,-114.0865093,51.0411366,Pedestrian incident - EMS dispatched
Edmonton Trail and 1 Avenue NE,2022-02-12 00:02:00,NE,-114.0502832,51.05326868,Pedestrian incident - EMS dispatched
10 Avenue and 9 Street SW,2022-02-11 23:42:00,SW,-114.0838496,51.04390675,Pedestrian incident - EMS dispatched
5587 4 Avenue NE,2022-02-10 15:42:00,NE,-113.9527351,51.05698907,Pedestrian incident - EMS on site
9 Avenue and 13 Street SE,2022-02-10 14:18:00,SE,-114.0316602,51.04021007,Pedestrian incident - EMS on site
14 Street and 17 Avenue SW,2022-02-09 15:40:00,SW,-114.09471,51.03782418,Pedestrian incident - EMS on site
15 Avenue at 1 Street SE,2022-02-09 06:14:00,SE,-114.0605295,51.03849674,Pedestrian incident - EMS dispatched
10 Avenue and 17 Street SW,2022-02-06 18:18:00,SW,-114.1016376,51.04439957,Pedestrian incident - EMS dispatched
Westbound 16 Avenue at 19 Street NW,2022-02-05 21:59:00,NW,-114.1060259,51.06703619,Pedestrian incident - EMS on site
Northbound 52 Street at 4 Avenue NE,2022-02-04 18:19:00,NE,-113.9564308,51.05523733,Pedestrian incident - EMS on site
16 Avenue and 37 Street SW,2022-01-30 18:35:00,SW,-114.1411226,51.03898611,Pedestrian incident - EMS on site
14 Street and 21 Avenue SW,2022-01-30 11:45:00,SW,-114.0946932,51.03498253,Pedestrian incident - EMS on site
Falconridge Boulevard and Mcknight Boulevard NE,2022-01-29 20:00:00,NE,-113.9584596,51.09959703,Pedestrian incident - EMS on site
32 Avenue and 36 Avenue NE,2022-01-25 14:08:00,NE,-114.0464348,51.08496776,Pedestrian incident - EMS dispatched
Eastbound Bow Trail at 37 Street SW,2022-01-25 08:35:00,NW,-114.1411308,51.04517194,Pedestrian incident - EMS on site
64 Avenue and Castleridge Boulevard NE,2022-01-25 06:45:00,NE,-113.9654037,51.11056054,Pedestrian incident - EMS on site
Macleod Trail and 9 Avenue SE,2022-01-24 14:40:00,SE,-114.0581785,51.04447099,Pedestrian incident - EMS on site
12 Avenue and 1 Street SE,2022-01-22 14:46:00,SE,-114.0584045,51.04128662,Pedestrian incident - EMS on site
Eastbound 162 Avenue and James McKevitt Road SW,2022-01-20 14:29:00,SW,-114.0995345,50.90533739,Pedestrian incident - EMS on site
Westbound Memorial Drive and Barlow Trail  SE,2022-01-19 18:21:00,NE,-114.0026634,51.04562795,Pedestrian incident - EMS on site
Eastbound 16 Avenue and 19 Street NW,2022-01-17 15:18:00,NW,-114.1063502,51.06690536,Pedestrian incident - EMS on site
45 Street and Auburn Bay Street SE,2022-01-13 08:49:00,SE,-113.9492108,50.88389111,Pedestrian incident - EMS on site
Sherwood Drive and Symons Valley Py NW,2022-01-12 18:36:00,NW,-114.1601292,51.16793783,Pedestrian incident - EMS on site
2 Street and 14 Avenue SW,2021-12-26 21:18:00,SE,-114.0683008,51.03963605,Pedestrian incident - EMS dispatched
7 Avenue and Macleod Trail SE,2021-12-26 14:48:00,NE,-114.0580442,51.04634587,Pedestrian incident - EMS dispatched
Southbound Macleod Trail and 99 Avenue SE,2021-12-24 06:20:00,SW,-114.0717739,50.9609864,Pedestrian incident - EMS on site
60 Street and 88 Avenue NE,2021-12-22 22:59:00,NE,-113.9473003,51.13260225,Pedestrian incident - EMS on site
9 Avenue and Macleod Trail SE,2021-12-22 09:30:00,SE,-114.0581785,51.04447099,Pedestrian incident - EMS on site
52 Street at 28 Avenue SE,2021-12-21 18:57:00,SE,-113.9583848,51.02813012,Pedestrian incident - EMS on site
Westbound 162 Avenue at Shawville Ri SE,2021-12-20 14:07:00,SE,-114.0699587,50.90333873,Pedestrian incident - EMS on site
120 Avenue and Canterbury Drive SW,2021-12-16 22:58:00,SW,-114.0755997,50.94509537,Pedestrian incident - EMS on site
Westbound 4 Avenue and 6 Street SW,2021-12-16 12:02:00,NW,-114.076051,51.04971127,Pedestrian incident - EMS on site
Southland Drive and Fairmount Drive SE,2021-12-12 15:23:00,SE,-114.0586757,50.96399381,Pedestrian incident - EMS on site
11 Avenue and 11 Street SW,2021-12-11 18:02:00,SW,-114.0888426,51.04309704,Pedestrian incident - EMS on site
13 Avenue and 12 Street SW,2021-12-10 15:42:00,SW,-114.0914459,51.04127596,Pedestrian incident - EMS on site
Country Hills Boulevard east of 112 Avenue NW,2021-12-07 21:06:00,NW,-114.2156966,51.15215261,Pedestrian incident - EMS on site
Northbound Country Hills Boulevard north of 112 Avenue NW,2021-12-07 21:06:00,NW,-114.215997,51.15264837,Pedestrian incident - EMS on site
45 Street and 17 Avenue SE,2021-12-07 14:35:00,SE,-113.9685991,51.03774003,Pedestrian incident - EMS on site
Southbound 52 Street and Temple Drive NE,2021-12-04 15:56:00,NE,-113.9585004,51.08588782,Pedestrian incident - EMS on site
19 Street and Southland Drive SW,2021-12-02 09:27:00,SW,-114.1063596,50.96109263,Pedestrian incident - EMS on site
Panorama Hills Drive and Panamount Boulevard NW,2021-12-02 07:46:00,NW,-114.0848974,51.15686858,Pedestrian incident - EMS on site
Country Hills Boulevard and Skyview Circle NE,2021-12-01 14:57:00,NE,-113.952598,51.15418797,Pedestrian incident - EMS on site
Evanston View and Evansbrooke Link NW,2021-12-01 14:46:00,NW,-114.1201939,51.16471887,Pedestrian incident - EMS on site
Kensington Road and 10 Street NW,2021-12-01 07:30:00,NW,-114.0858796,51.05250045,Pedestrian incident - EMS on site
Northbound Macleod Trail and 17 Avenue SE,2021-11-28 23:36:00,SE,-114.0586592,51.037833,Pedestrian incident - EMS dispatched
1 Street and 5 Avenue SE,2021-11-27 17:12:00,NE,-114.060367,51.04831937,Pedestrian incident - EMS on site
75 Avenue and 44 Street SE,2021-11-25 06:11:00,SE,-113.9701128,50.98733983,Pedestrian incident - EMS dispatched
14 Street and 11 Avenue SW,2021-11-24 19:07:00,SW,-114.0947557,51.04326518,Pedestrian incident - EMS on site
2 Street and 22 Avenue SW,2021-11-24 14:55:00,SE,-114.070141,51.03385806,Pedestrian incident - EMS on site
Southbound Nose Hill Drive at Scenic Acres Boulevard NW,2021-11-24 14:04:00,NW,-114.2053814,51.11763095,Pedestrian incident - EMS on site
26 Avenue and 32 Street NE,2021-11-22 15:51:00,NE,-113.9886504,51.0778646,Pedestrian incident - EMS dispatched
17 Avenue and 1 Street SE,2021-11-21 23:05:00,SE,-114.0611214,51.03783263,Pedestrian incident - EMS on site
Westbound 16 Avenue and 44 Street NW,2021-11-19 18:31:00,NW,-114.1595505,51.06908383,Pedestrian incident - EMS on site
1 Street and 14 Avenue SE,2021-11-19 16:17:00,SE,-114.0610022,51.03947314,Pedestrian incident - EMS on site
20 Avenue and 32 Street NE,2021-11-19 15:13:00,NE,-113.9886863,51.0706947,Pedestrian incident - EMS on site
Crowfoot Circle at Crowfoot Parade NW,2021-11-18 06:45:00,NW,-114.2077469,51.12448595,Pedestrian incident - EMS on site
20 Avenue and 19 Street NW,2021-11-17 14:26:00,NW,-114.1062961,51.07054633,Pedestrian incident - EMS on site
17 Avenue and 18A Street SW,2021-11-16 01:16:00,SW,-114.1055703,51.03783159,Pedestrian incident - EMS on site
Bonaventure Drive and 84 Avenue SE,2021-11-13 19:21:00,SE,-114.0685423,50.97775711,Pedestrian incident - EMS on site
85 Street and Wentworth Drive SW,2021-11-13 14:39:00,NW,-114.2113796,51.05699539,Pedestrian incident - EMS on site
Eastbound 9 Avenue at 7 Street SE,2021-11-10 20:52:00,SE,-114.0436198,51.04383187,Pedestrian incident - EMS on site
53 Avenue at 11 Street NE,2021-11-10 18:43:00,NE,-114.0383689,51.10010513,Pedestrian incident - EMS on site
Martindale Boulevard and Martin Crossing Drive NE,2021-11-10 08:02:00,NE,-113.9675758,51.11731579,Pedestrian incident - EMS on site
Eastbound 17 Avenue and 52 Street SE,2021-11-06 20:41:00,SE,-113.9571946,51.03775034,Pedestrian incident - EMS on site
48 Street and 26 Avenue NE,2021-11-06 08:32:00,NE,-113.9645819,51.07686607,Pedestrian incident - EMS on site
24 Street and 17 Avenue SW,2021-11-05 09:55:00,SW,-114.1179069,51.03781099,Pedestrian incident - EMS on site
Whitewood Road and 44 Avenue NE,2021-11-03 11:57:00,NE,-113.9647902,51.09200798,Pedestrian incident - EMS on site
Eastbound 16 Avenue and Home Road NW,2021-11-02 08:49:00,NW,-114.1638941,51.07227771,Pedestrian incident - EMS on site
34 Highfield Ci SE,2021-11-01 14:14:00,SE,-114.0446202,51.01341518,Pedestrian incident - EMS on site
Covecreek Gate and Coventry Hills Wy NE,2021-11-01 07:32:00,NE,-114.0510707,51.17052592,Pedestrian incident - EMS on site
Woodview Drive and 24 Street SW,2021-10-30 14:20:00,SW,-114.1184862,50.94129809,Pedestrian incident - EMS on site
9 Avenue and 1 Street SW,2021-10-30 13:54:00,SE,-114.0655699,51.04468049,Pedestrian incident - EMS on site
Southbound 1 Street and 18 Avenue SE,2021-10-29 18:48:00,SE,-114.0611858,51.03693623,Pedestrian incident - EMS on site
Beddington Drive and Beddington Boulevard NE,2021-10-29 14:15:00,NE,-114.0628429,51.12512634,Pedestrian incident - EMS on site
Northbound 14 Street and 10 Avenue SW,2021-10-29 14:14:00,SW,-114.0947614,51.04420982,Pedestrian incident - EMS on site
Westbound Memorial Drive and 36 Street NE,2021-10-28 19:25:00,NE,-113.9829193,51.05213682,Pedestrian incident - EMS on site
Hawkwood Drive and John Laurie Boulevard NW,2021-10-27 19:40:00,NW,-114.1890085,51.12546991,Pedestrian incident - EMS on site
128 Avenue and Redstone Street NE,2021-10-25 18:25:00,NE,-113.9620939,51.16543278,Pedestrian incident - EMS on site
Northmount Drive and Connaught Drive NW,2021-10-23 18:47:00,NW,-114.0911999,51.08411013,Pedestrian incident - EMS dispatched
Southbound Barlow Trail and 16 Avenue NE,2021-10-23 06:35:00,NE,-114.002576,51.06923458,Pedestrian incident - EMS on site
Sherview Drive and Sherwood Boulevard NW,2021-10-21 17:30:00,NW,-114.1604682,51.16538145,Pedestrian incident - EMS on site
8 Avenue and 2 Street SW,2021-10-20 23:03:00,NE,-114.0690334,51.04579574,Pedestrian incident - EMS on site
Southbound Shaganappi Trail south of Country Hills Boulevard NW,2021-10-20 16:26:00,NW,-114.1213376,51.13873117,Pedestrian incident - EMS on site
12350 Coventry Hills Wy NE,2021-10-20 08:57:00,NE,-114.0514341,51.16516008,Pedestrian incident - EMS on site
Martin Crossing Pa and Martindale Boulevard NE,2021-10-20 08:21:00,NE,-113.9677512,51.11506843,Pedestrian incident - EMS on site
Crowchild Trail and 24 Avenue NW,2021-10-16 23:51:00,NW,-114.1184359,51.07427725,Pedestrian incident - EMS on site
Maranda Cl and Margate Cl NE,2021-10-16 18:47:00,NE,-113.9750348,51.06267332,Pedestrian incident - EMS on site
Penbrooke Drive and Memorial Drive E,2021-10-12 17:36:00,NE,-113.9418384,51.05206795,Pedestrian incident - EMS dispatched
Beddington Boulevard and Bermuda Drive NW,2021-10-08 20:03:00,NW,-114.0868406,51.13180851,Pedestrian incident - EMS on site
Mcknight Boulevard and Edmonton Trail NE,2021-10-08 09:59:00,NE,-114.0538729,51.09635465,Pedestrian incident - EMS on site
Centre Avenue and 19 Street E,2021-10-07 06:43:00,NE,-114.0083476,51.05244396,Pedestrian incident - EMS dispatched
Dover Ridge Drive and 36 Street SE,2021-10-06 19:16:00,SE,-113.9817102,51.02111581,Pedestrian incident - EMS dispatched
Bowness Road and 46 Street NW,2021-10-06 09:41:00,NW,-114.1605353,51.07264034,Pedestrian incident - EMS dispatched
10 Avenue and 4 Street SW,2021-10-04 08:39:00,SW,-114.071512,51.04355743,Pedestrian incident - EMS dispatched
Richmond Road and 20 Avenue SW,2021-10-03 19:28:00,SW,-114.111198,51.03526906,Pedestrian incident - EMS dispatched
50 Avenue at Macleod Trail SW,2021-10-01 05:50:00,SE,-114.0678977,51.00871868,Pedestrian incident - EMS on site
128 Avenue and Shaganappi Trail NW,2021-09-30 21:40:00,NW,-114.1518312,51.16802719,Pedestrian incident - EMS on site
Charleswood Drive at John Laurie Boulevard NW,2021-09-29 18:06:00,NW,-114.1176943,51.0961239,Pedestrian incident - EMS dispatched
7 Avenue b/w Centre Street and 1 Street SW,2021-09-28 16:06:00,NE,-114.0642087,51.04651839,Pedestrian incident - EMS on site
Dalhart Road and 53 Street NW,2021-09-27 17:47:00,NW,-114.158832,51.1111722,Pedestrian incident - EMS dispatched
36 Street and 64 Avenue NE,2021-09-25 00:02:00,NE,-113.9817424,51.11323775,Pedestrian incident - EMS on site
2 Avenue and 2 Street SW,2021-09-24 22:20:00,NE,-114.0675503,51.05136647,Pedestrian incident - EMS on site
Southbound 52 Street at 44 Avenue NE,2021-09-22 17:16:00,NE,-113.9589009,51.09145247,Pedestrian incident - EMS on site
26 Avenue and 38 Street NE,2021-09-20 18:38:00,NE,-113.9780622,51.07788045,Pedestrian incident - EMS dispatched
18 Avenue and Macleod Trail SE,2021-09-16 14:58:00,SE,-114.061792,51.03688989,Pedestrian incident - EMS on site
Panatella Gate and Harvest Hills Boulevard N,2021-09-15 19:02:00,NE,-114.0688696,51.16690974,Pedestrian incident - EMS on site
Bridlewood Road SW,2021-09-14 08:31:00,SW,-114.1091107,50.90129064,Pedestrian incident - EMS on site
Sherwood Gate and Shaganappi Trail NW,2021-09-13 08:57:00,NW,-114.1442581,51.1631763,Pedestrian incident - EMS on site
88 Avenue and Saddleridge Drive NE,2021-09-12 15:56:00,NE,-113.952388,51.1322151,Pedestrian incident - EMS on site
60 Street and Skyview Ranch Avenue NE,2021-09-10 08:43:00,NE,-113.9473931,51.16099254,Pedestrian incident - EMS on site
Macleod Trail and 17 Avenue SE,2021-09-08 23:24:00,SE,-114.0586592,51.037833,Pedestrian incident - EMS on site
Martin Crossing Drive and Martin Crossing Way NE,2021-09-07 18:55:00,NE,-113.9578288,51.11779156,Pedestrian incident - EMS on site
Country Hills Boulevard and Panorama Hills Boulevard NW,2021-09-07 18:30:00,NW,-114.0741227,51.14844323,Pedestrian incident - EMS on site
10 Avenue and 9 Street SW,2021-09-05 01:09:00,SW,-114.0838496,51.04390675,Pedestrian incident - EMS on site
Whitehorn Wy and Whitehorn Pl NE,2021-09-04 19:41:00,NE,-113.9649284,51.08609722,Pedestrian incident - EMS on site
Shaganappi Trail and Valiant Drive NW,2021-09-03 15:54:00,NW,-114.1544201,51.09073177,Pedestrian incident - EMS on site
52 Avenue and Northland Drive NW,2021-09-03 08:39:00,NW,-114.1414344,51.10096036,Pedestrian incident - EMS on site
7 Avenue and 1 Street SE,2021-09-01 16:03:00,NE,-114.0605032,51.04640854,Pedestrian incident - EMS on site
5 Avenue and 2 Street SW,2021-08-31 08:32:00,NE,-114.0677656,51.048529,Pedestrian incident - EMS dispatched
22 Avenue and 68 Street NE,2021-08-26 14:12:00,NE,-113.9350384,51.07254427,Pedestrian incident - EMS on site
34 Avenue and Centre B Street NW,2021-08-25 18:47:00,NE,-114.0638469,51.08323991,Pedestrian incident - EMS on site
Edmonton Trail and 1 Avenue NE,2021-08-23 16:36:00,NE,-114.0499084,51.05324735,Pedestrian incident - EMS on site
Memorial Drive and Zoo Road NE,2021-08-23 15:21:00,NE,-114.0361669,51.04765343,Pedestrian incident - EMS on site
1 Street and 15 Avenue SE,2021-08-23 05:03:00,SE,-114.0610715,51.03851912,Pedestrian incident - EMS dispatched
Westbound 64 Avenue and Hunterhorn Road NE,2021-08-22 13:52:00,NE,-114.0527914,51.11052426,Pedestrian incident - EMS on site
10 Avenue and 4 Street SW,2021-08-21 02:46:00,SE,-114.0705218,51.04351182,Pedestrian incident - EMS on site
Northbound Edmonton Trail at 16 Avenue NE,2021-08-20 23:18:00,NE,-114.0561359,51.0670876,Pedestrian incident - EMS on site
Northbound Edmonton Trail at 16 Avenue NE,2021-08-20 23:18:00,NE,-114.0561274,51.06714109,Pedestrian incident - EMS on site
Northbound Edmonton Trail at 16 Avenue NE,2021-08-20 23:18:00,NE,-114.056115,51.06713615,Pedestrian incident - EMS on site
16 Avenue and 1 Street NW,2021-08-20 22:39:00,NE,-114.0649965,51.06699914,Pedestrian incident - EMS on site
11 Street and Heritage Meadows Wy SE,2021-08-20 15:33:00,SE,-114.0423932,50.9839673,Pedestrian incident - EMS dispatched
Northbound Macleod Trail at 45 Avenue SW,2021-08-19 19:31:00,SE,-114.0659256,51.01288154,Pedestrian incident - EMS on site
12 Street and 11 Avenue SE,2021-08-17 16:00:00,SE,-114.0358725,51.03975802,Pedestrian incident - EMS on site
64 Avenue and 4 Street NE,2021-08-16 21:58:00,NE,-114.0574168,51.11065449,Pedestrian incident - EMS on site
4 Street and 10 Avenue SW,2021-08-16 09:59:00,SW,-114.071512,51.04355743,Pedestrian incident - EMS on site
Erin Meadow Gr and Erin Woods Drive SE,2021-08-14 14:44:00,SE,-113.9637376,51.01905431,Pedestrian incident - EMS dispatched
Eastbound Memorial Drive approaching 12 Street NE,2021-08-13 00:48:00,NE,-114.0323668,51.04824607,Pedestrian incident - EMS on site
1 Street and 15 Avenue SE,2021-08-08 08:00:00,SE,-114.0610715,51.03851912,Pedestrian incident - EMS on site
Bow Trail and 26 Street SW,2021-08-08 01:09:00,SW,-114.1236428,51.04150722,Pedestrian incident - EMS on site
John Laurie Boulevard and Brenner Drive NW,2021-08-06 17:24:00,NW,-114.1335125,51.10554505,Pedestrian incident - EMS on site
26 Avenue and 21 Street SW,2021-08-05 12:54:00,SW,-114.1118857,51.030424,Pedestrian incident - EMS on site
Eastbound 17 Avenue at 36 Street SE,2021-08-02 23:54:00,SE,-113.9816834,51.03774856,Pedestrian incident - EMS on site
Westbound 17 Avenue and 52 Street SE,2021-07-30 17:23:00,SE,-113.9585151,51.03794167,Pedestrian incident - EMS on site
16 Avenue and 10 Street NW,2021-07-28 13:27:00,NW,-114.0846443,51.06697964,Pedestrian incident - EMS on site
28 Street and 17 Avenue SE,2021-07-28 11:50:00,SE,-113.9930542,51.03791359,Pedestrian incident - EMS on site
Harvest Hills Boulevard and 96 Avenue NE,2021-07-28 02:59:00,NE,-114.0693215,51.14248843,Pedestrian incident - EMS on site
5 Street and Elbow Drive SW,2021-07-26 16:56:00,SW,-114.0734405,51.02955317,Pedestrian incident - EMS on site
2518 Fish Creek Blvd SW,2021-07-19 20:24:00,SW,-114.1192307,50.92142505,Pedestrian incident - EMS on site
37 Street and 10 Avenue SW,2021-07-19 15:35:00,SW,-114.141124,51.04325723,Pedestrian incident - EMS on site
Bowness Road and 64 Street NW,2021-07-19 09:01:00,NW,-114.1818195,51.08650624,Pedestrian incident - EMS dispatched
11 Street and 14 Avenue SW,2021-07-17 20:23:00,SW,-114.0890495,51.040259,Pedestrian incident - EMS on site
Tsuut'ina Trail and 90 Avenue SW,2021-07-14 00:15:00,SW,-114.1617342,50.98269067,Pedestrian incident - EMS on site
295 Shawville Blvd SE,2021-07-11 17:06:00,SE,-114.0679099,50.90154159,Pedestrian incident - EMS on site
Taralake Park at Taravista Drive NE,2021-07-10 21:24:00,NE,-113.9308537,51.12106424,Pedestrian incident - EMS on site
Northbound Macleod Trail and 17 Avenue SE,2021-07-10 03:08:00,SE,-114.0586592,51.037833,Pedestrian incident - EMS on site
Northbound Macleod Trail and 12 Avenue SE,2021-07-10 03:08:00,SE,-114.0584045,51.04128662,Pedestrian incident - EMS on site
Shaganappi Trail and University Avenue NW,2021-07-09 18:52:00,NW,-114.1522782,51.07671023,Pedestrian incident - EMS on site
Evercreek Bluffs Gate and Fish Creek Boulevard SW,2021-07-08 20:36:00,SW,-114.1233782,50.92140159,Pedestrian incident - EMS on site
Eastbound Memorial Drive and 9 Street NE,2021-07-04 01:45:00,NE,-114.0401465,51.0488546,Pedestrian incident - EMS on site
5 Street and 11 Avenue SW,2021-07-03 20:26:00,SW,-114.074906,51.04272294,Pedestrian incident - EMS dispatched
6 Street at 16 Avenue NE,2021-07-02 13:41:00,NE,-114.04831,51.0673349,Pedestrian incident - EMS dispatched
East Hills Boulevard and East Hills Sq SE,2021-06-27 11:47:00,SE,-113.9114331,51.03926744,Pedestrian incident - EMS on site
Southbound 8 Street and 7 Avenue SW,2021-06-26 06:16:00,NW,-114.081184,51.04700829,Pedestrian incident - EMS on site
Wentworth Drive and 85 Street SW,2021-06-24 16:31:00,NW,-114.2113796,51.05699539,Pedestrian incident - EMS on site
Auburn Bay Avenue and Auburn Sound Manor SE,2021-06-23 21:14:00,SE,-113.9593053,50.8941573,Pedestrian incident - EMS on site
48 Avenue and North Haven Drive NW,2021-06-23 12:53:00,NW,-114.0864864,51.09861997,Pedestrian incident - EMS dispatched
327 Maitland Hill NE,2021-06-22 13:09:00,NE,-113.9395118,51.06220465,Pedestrian incident - EMS on site
20 Street and 26 Avenue SW,2021-06-21 15:09:00,SW,-114.1094513,51.03042847,Pedestrian incident
80 Crowfoot Circle NW,2021-06-20 18:11:00,NW,-114.2065293,51.12346985,Pedestrian incident - EMS on site
90 Avenue and 24 Street SW,2021-06-20 11:04:00,SW,-114.1178708,50.97210971,Pedestrian incident - EMS on site
8 Street and Royal Avenue SW,2021-06-18 08:34:00,SW,-114.0820635,51.03513942,Pedestrian incident - EMS on site
17 Avenue at 4 Street SW,2021-06-17 23:07:00,SW,-114.071482,51.03783053,Pedestrian incident - EMS dispatched
41 Street and 26 Avenue SE,2021-06-17 21:01:00,SE,-113.9743396,51.03051286,Pedestrian incident - EMS dispatched
39 Avenue and 51 Street SW,2021-06-17 09:43:00,SW,-114.1603539,51.01942844,Pedestrian incident - EMS dispatched
4 Street and 64 Avenue NW,2021-06-16 21:01:00,NW,-114.0715556,51.1103317,Pedestrian incident - EMS on site
Redstone Street and Skyview Ranch Road NE,2021-06-16 19:53:00,NE,-113.9620939,51.16543278,Pedestrian incident - EMS on site
11 Street and 57 Avenue NE,2021-06-16 05:52:00,NE,-114.0369886,51.11058345,Pedestrian incident - EMS on site
4 Avenue and Edmonton Trail NE,2021-06-15 20:20:00,NE,-114.0523943,51.05564067,Pedestrian incident - EMS on site
85 Street and 9 Avenue SW,2021-06-15 14:51:00,NW,-114.2114015,51.05970278,Pedestrian incident - EMS on site
Quarry Wy and Quarry Gate SE,2021-06-13 20:47:00,SE,-114.019804,50.96129373,Pedestrian incident
Heritage Drive and Horton Road SW,2021-06-11 14:59:00,SW,-114.0728,50.97951529,Pedestrian incident - EMS on site
Macleod Trail and 61 Avenue SW,2021-06-11 13:57:00,SW,-114.0718818,50.99768177,Pedestrian incident - EMS on site
1 Street and 9 Avenue SW,2021-06-10 16:27:00,SE,-114.0655699,51.04468049,Pedestrian incident
44 Street and 11 Avenue SE,2021-06-09 16:35:00,SE,-113.9699992,51.04323654,Pedestrian incident - EMS on site
Westwinds Cr and Castleridge Boulevard NE,2021-06-09 09:04:00,NE,-113.9698008,51.10556406,Pedestrian incident - EMS dispatched
8 Street and Premier Wy SW,2021-06-04 13:02:00,SW,-114.0834181,51.02707178,Pedestrian incident - EMS dispatched
Centre Street and 72 Avenue NE,2021-06-04 12:13:00,NE,-114.0697305,51.11833941,Pedestrian incident - EMS dispatched
Panatella Wy and Panatella Gate NW,2021-05-30 17:28:00,NE,-114.070449,51.16728025,Pedestrian incident - EMS dispatched
94 Avenue and Bonaventure Drive SE,2021-05-27 13:11:00,SE,-114.0687682,50.96863426,Pedestrian incident - EMS dispatched
24 Street at Bridlecrest Drive SW,2021-05-26 08:27:00,SW,-114.1171775,50.90505069,Pedestrian incident - EMS on site
1 Street and 10 Avenue SW,2021-05-22 19:48:00,SE,-114.0656616,51.04339518,Pedestrian incident - EMS dispatched
Lake Fraser Drive and Lake Fraser Gate SE,2021-05-14 09:59:00,SE,-114.0678538,50.9414158,Pedestrian incident
52 Street and Mckenzie Towne Gate SE,2021-05-12 07:25:00,SE,-113.9569235,50.91377594,Pedestrian incident - EMS on site
10 Avenue and 19 Street SW,2021-05-06 10:09:00,SW,-114.1065574,51.04434421,Pedestrian incident - EMS on site
11 Avenue and Barlow Trail SE,2021-05-01 21:41:00,SE,-114.0018823,51.04287252,Pedestrian incident - EMS dispatched
Canterbury Co and Elbow Drive SW,2021-04-28 15:57:00,SW,-114.085539,50.94161761,Pedestrian incident - EMS dispatched
9 Avenue and 19 Street SE,2021-04-24 20:25:00,SE,-114.0199513,51.03541833,Pedestrian incident
6 Street and 5 Avenue SW,2021-04-21 17:12:00,NW,-114.0761076,51.04876354,Pedestrian incident - EMS on site
Edmonton Trail and 2 Avenue NE,2021-04-20 16:42:00,NE,-114.0509935,51.05467724,Pedestrian incident - EMS on site
Edmonton Trail and 2 Avenue NE,2021-04-20 14:56:00,NE,-114.0509935,51.05467724,Pedestrian incident - EMS dispatched
90 Avenue at Bay Ridge Drive SW,2021-04-14 19:40:00,SW,-114.109116,50.97217198,Pedestrian incident - Road closed
7 Street and 1 Avenue NE,2021-04-13 10:51:00,NE,-114.045694,51.05326148,Pedestrian incident - EMS on site
Northbound Bannister Road at 149 Avenue SE,2021-04-09 15:31:00,SE,-114.0685895,50.91912354,Pedestrian incident - EMS on site
5 Avenue and 1 Street SE,2021-04-09 13:39:00,NE,-114.060367,51.04831937,Pedestrian incident - EMS on site
14 Street and 16 Avenue SW,2021-03-31 17:15:00,SW,-114.0947098,51.03851,Pedestrian incident - EMS on site
Suncrest Wy and Sunhurst Road SE,2021-03-31 13:48:00,SE,-114.0454049,50.90359008,Pedestrian incident - EMS on site
4 Avenue and Centre Street South,2021-03-22 15:31:00,NE,-114.0627326,51.04932875,Pedestrian incident - EMS dispatched
12 Avenue and 5 Street SW,2021-03-22 02:58:00,SW,-114.0714812,51.04071489,Pedestrian incident - EMS on site
36 Street and 19 Avenue SE,2021-03-17 09:29:00,SE,-113.9816109,51.03625176,Pedestrian incident - EMS dispatched
7 Street and 20 Avenue NW,2021-03-16 14:19:00,NW,-114.0789188,51.07053988,Pedestrian incident - EMS dispatched
3 Street and 9 Avenue SE,2021-03-11 16:53:00,SE,-114.0543822,51.04464848,Pedestrian incident
Eastbound 17 Avenue and 36 Street SE,2021-03-10 18:57:00,SE,-113.9816834,51.03774856,Pedestrian incident - EMS dispatched
Falchurch Road and Falchurch Cr NE,2021-03-02 23:56:00,NE,-113.945652,51.10093474,Pedestrian incident
1001 Memorial Drive NW,2021-02-24 11:23:00,NW,-114.0812275,51.05353516,Pedestrian incident - EMS dispatched
1008 Memorial Drive NW,2021-02-24 10:15:00,NW,-114.0818009,51.05361639,Pedestrian incident - EMS on site
1008 Memorial Drive NW,2021-02-24 09:47:00,NW,-114.0818009,51.05361639,Pedestrian incident - EMS dispatched
6 Street  and 1 Avenue NE,2021-02-22 09:10:00,NE,-114.0483483,51.05327417,Pedestrian incident
50 Avenue and Elbow Drive SW,2021-02-19 10:19:00,SW,-114.0813769,51.00871807,Pedestrian incident
Macleod Trail at Glenmore Trail SW,2021-02-18 20:17:00,SW,-114.0717425,50.99409384,Pedestrian incident
1000 Memorial Drive NW,2021-02-17 07:57:00,NW,-114.0813999,51.05364894,Pedestrian incident - EMS dispatched
1005 memorial Drive NW,2021-02-12 10:34:00,NW,-114.0813779,51.05344489,Pedestrian incident - EMS on site
1001 Memorial Drive NW,2021-02-12 09:01:00,NW,-114.0812275,51.05353516,Pedestrian incident - EMS dispatched
1000 Memorial Drive NW,2021-02-12 08:51:00,NW,-114.0813999,51.05364894,Pedestrian incident
1 Avenue and 4 Street NE,2021-02-06 13:37:00,NE,-114.0516991,51.05326878,Pedestrian incident
Westbound 17 Avenue at 52 Street SE,2021-02-06 13:10:00,SE,-113.9585151,51.03794167,Pedestrian incident - Blocking lanes
Northmount Drive and Northland Drive NW,2021-02-02 15:15:00,NW,-114.1414022,51.09602616,Pedestrian incident
1000 Memorial Drive NW,2021-02-02 11:44:00,NW,-114.0813999,51.05364894,Pedestrian incident
Quarry Park Boulevard and 18 Street SE,2021-02-01 13:58:00,SE,-114.010582,50.96292452,Pedestrian incident
Discovery Ridge Lane and Discovery Ridge Cl SW,2021-01-30 15:00:00,SW,-114.2143813,51.01329438,Pedestrian incident
Westbound 17 Avenue and 44 Street SE,2021-01-28 11:22:00,SE,-113.9700118,51.03776386,Pedestrian incident - Blocking lanes
17 Avenue and 42 Street SE,2021-01-26 21:06:00,SE,-113.9728668,51.03777031,Pedestrian incident - Road closed
32 Avenue and 12 Street NE,2021-01-25 07:54:00,NE,-114.0276766,51.0813986,Pedestrian incident - Blocking lanes
Nolancrest Gr and Nolancrest Mr NW,2021-01-21 19:49:00,NW,-114.1671751,51.17718999,Pedestrian incident
Eastbound Heritage Drive and Elbow Drive SW,2021-01-21 09:43:00,SW,-114.0831484,50.97957221,Pedestrian incident - Blocking lanes
Southbound 10 Street and 5 Avenue NW,2021-01-20 08:17:00,NW,-114.0859592,51.05836258,Pedestrian incident - Blocking lanes
Southbound 1 Street at 4 Avenue SE,2021-01-19 18:34:00,NE,-114.0603002,51.04925982,Pedestrian incident - Blocking lanes
Southbound 8 Street at 10 Avenue SW,2021-01-18 19:42:00,SW,-114.0814566,51.04345329,Pedestrian incident - Blocking lanes
Eastbound Heritage Drive approaching Macleod Trail SW,2021-01-18 16:39:00,SW,-114.0728152,50.97956508,Pedestrian incident - Blocking lanes
Southbound Centre Street and 3 Avenue SE,2021-01-15 13:04:00,NE,-114.0626847,51.05028259,Pedestrian incident - Blocking lanes
8 Street b/w 7 Avenue and 8 Avenue SW,2021-01-13 18:59:00,NW,-114.0812447,51.04608968,Pedestrian incident - Road closed
8 Street b/w 7 Avenue and 8 Avenue SW,2021-01-13 18:59:00,NW,-114.0812633,51.0461525,Pedestrian incident
5 Avenue and 11 Street NW,2021-01-13 07:35:00,NW,-114.0888346,51.05710349,Pedestrian incident
Southbound Deerfoot Trail and 11 Street SE,2021-01-06 21:50:00,SE,-114.0408568,50.97829976,Pedestrian incident
Southbound Deerfoot Trail and 11 Street SE,2021-01-06 21:50:00,SE,-114.0404382,50.97927692,Pedestrian incident
Southbound Deerfoot Trail and 11 Street SE,2021-01-06 21:50:00,SE,-114.0409356,50.97825568,Pedestrian incident - Blocking lanes
4 Avenue and 6 Street SW,2021-01-04 14:38:00,NW,-114.076051,51.04971127,Pedestrian incident - Blocking lanes
20 Avenue and 19 Street NW,2021-01-02 14:35:00,NW,-114.1062961,51.07054633,Pedestrian incident
Falconridge Cr and Falconridge Drive NE,2020-12-31 23:23:00,NE,-113.9524947,51.09866083,Pedestrian incident
Falconridge Drive b/w Falsbridge Drive and Falworth Road NE,2020-12-31 23:23:00,NE,-113.9525051,51.09865706,Pedestrian incident - Road closed
Falconridge Drive b/w Falconridge Boulevard and Falworth Road NE,2020-12-31 23:23:00,NE,-113.9524566,51.0986315,Pedestrian incident - Road closed
Falsbridge Drive and Falconridge Drive NE,2020-12-28 14:32:00,NE,-113.9565272,51.09969782,Pedestrian incident
Inglewood Cv and 15 Street SE,2020-12-24 17:43:00,SE,-114.0251446,51.04099924,Pedestrian incident
Centre Street S and 58 Avenue SW,2020-12-24 17:15:00,SE,-114.0650927,51.00139943,Pedestrian incident
Centre Street S and 58 Avenue SW,2020-12-24 17:15:00,SE,-114.063807,51.00137983,Pedestrian incident
26 Street and 26 Avenue SW,2020-12-23 18:21:00,SW,-114.1237261,51.03006398,Pedestrian incident
26 Avenue and 50 Street NE,2020-12-20 12:17:00,NE,-113.9613118,51.07624807,Pedestrian incident
19 Street and 27 Avenue NE,2020-12-19 11:57:00,NE,-114.0116494,51.07690034,Pedestrian incident
Macleod Trail and 42 Avenue SW,2020-12-19 10:15:00,SE,-114.0646013,51.01575514,Pedestrian incident
Radcliffe Crescent and Radcliffe Drive SE,2020-12-19 01:35:00,NE,-113.9866502,51.04806091,Pedestrian incident
31 Street and 19 Avenue SE,2020-12-18 11:34:00,SE,-113.9894649,51.03608894,Pedestrian incident
Northbound Macleod Trail and 10 Avenue SE,2020-12-18 08:56:00,SE,-114.0582717,51.04318128,Pedestrian incident - Blocking lanes
Skyview Ranch Drive and Skyview Shores Mr NE,2020-12-17 17:43:00,NE,-113.9609788,51.15837975,Pedestrian incident
Saddletowne Ci and 60 Street NE,2020-12-15 14:18:00,NE,-113.9476791,51.12654847,Pedestrian incident
13 Avenue and 37 Street SW,2020-12-13 01:33:00,SW,-114.1411234,51.04150998,Pedestrian incident - Road closed
17 Avenue and 85 Street SW,2020-12-12 19:04:00,SW,-114.2113745,51.03801221,Pedestrian incident
58 Avenue b/w Centre Street and 1A Street SW,2020-12-11 18:10:00,SE,-114.065104,51.00141957,Pedestrian incident - Road closed
Southland Drive and 24 Street SW,2020-12-10 14:21:00,SW,-114.117953,50.96125572,Pedestrian incident
Falconridge Boulevard and 64 Avenue NE,2020-12-09 18:03:00,NE,-113.9473403,51.11068937,Pedestrian incident
Madigan Drive and Manora Pl NE,2020-12-05 17:47:00,NE,-113.9551327,51.0622659,Pedestrian incident
McKnight Boulevard and 19 Street NE,2020-12-05 04:37:00,NE,-114.0131626,51.09269728,Pedestrian incident
Eastbound 64 Avenue at Centre Street N,2020-12-03 15:34:00,NE,-114.0628822,51.11058786,Pedestrian incident - Blocking lanes
64 Avenue and Centre Street N,2020-12-03 15:34:00,NE,-114.0625751,51.11053121,Pedestrian incident
Southbound 52 Street at 4 Avenue NE,2020-12-03 15:12:00,NE,-113.9566185,51.05511847,Pedestrian incident - Blocking lanes
4 Street and 64 Avenue NE,2020-12-02 20:25:00,NE,-114.0574168,51.11065449,Pedestrian incident - Blocking lanes
Southbound 4 Street at 64 Avenue NE,2020-12-02 20:25:00,NE,-114.05699,51.11032191,Pedestrian incident
Edmonton Trail and 8 Avenue NE,2020-12-01 18:39:00,NE,-114.0543557,51.05973603,Pedestrian incident
36 Street at Whitehorn Drive NE,2020-11-30 20:40:00,NE,-113.9819635,51.08496552,Pedestrian incident - Blocking lanes
4 Avenue and 3 Street SE,2020-11-29 09:49:00,NE,-114.0553775,51.04908903,Pedestrian incident - Blocking lanes
2 Street and 8 Avenue SW,2020-11-26 19:42:00,NE,-114.0679692,51.04567258,Pedestrian incident
Canyon Meadows Drive and 6 Street SW,2020-11-24 06:40:00,SW,-114.0764003,50.93372164,Pedestrian incident - Blocking lanes
Martindale Boulevard and Falconridge Boulevard NE,2020-11-22 17:59:00,NE,-113.9471805,51.11419201,Pedestrian incident
17 Avenue and 6 Street SW,2020-11-22 14:41:00,SW,-114.076868,51.03781084,Pedestrian incident
Southbound 36 Street and 20 Avenue NE,2020-11-21 23:44:00,NE,-113.9822672,51.07152177,Pedestrian incident - Blocking lanes
Northbound 14 Street and 17 Avenue SW,2020-11-21 16:33:00,SW,-114.0946731,51.03775579,Pedestrian incident - Blocking lanes
27 Street and 9 Avenue SE,2020-11-15 15:49:00,SE,-113.9955236,51.04466446,Pedestrian incident
4 Street and Northmount Drive NW,2020-11-15 14:15:00,NW,-114.0714767,51.10265136,Pedestrian incident
11 Avenue and 1 Street SW,2020-11-15 11:57:00,SE,-114.0657282,51.0424612,Pedestrian incident - Blocking lanes
Seton Boulevard and Seton Wy SE,2020-11-13 18:42:00,SE,-113.9574933,50.88250547,Pedestrian incident
19 Street and 24 Avenue NE,2020-11-10 15:13:00,NE,-114.0134386,51.07426293,Pedestrian incident
Northbound Macleod Trail at 94 Avenue SE,2020-11-10 11:57:00,SW,-114.071345,50.96864378,Pedestrian incident - Blocking lanes
1000 Memorial Drive NW,2020-11-09 14:15:00,NW,-114.0813999,51.05364894,Pedestrian incident
Beddington Trail and Beddington Boulevard NE,2020-11-06 23:17:00,NE,-114.0537888,51.12746303,Pedestrian incident
Eastbound 16 Avenue and 2 Street NW,2020-11-05 18:20:00,NE,-114.0674497,51.06700062,Pedestrian incident - Blocking lanes
68 Street and 8 Avenue NE,2020-11-02 20:12:00,NE,-113.9355518,51.05964505,Pedestrian incident
Macleod Trail and 58 Avenue SW,2020-11-02 02:47:00,SW,-114.0717123,51.00132867,Pedestrian incident
Southbound 11 Street and 9 Avenue SW,2020-11-01 17:14:00,NW,-114.0885067,51.04817254,Pedestrian incident - Blocking lanes
5 Street at 12 Avenue SW,2020-10-29 14:08:00,SW,-114.0741466,51.04173375,Pedestrian incident - Blocking lanes
Westbound 32 Avenue at 34 Street NE,2020-10-28 20:09:00,NE,-113.9855097,51.08143154,Pedestrian incident - Road closed
Blackthorn Road and 4 Street NW,2020-10-28 08:12:00,NW,-114.0714604,51.10721658,Pedestrian incident
5 Street and 8 Avenue SW,2020-10-23 13:02:00,NW,-114.0738829,51.04583917,Pedestrian incident
15 Avenue and 8 Street SW,2020-10-21 09:11:00,SW,-114.0817235,51.03910144,Pedestrian incident
Symons Valley Py and Evanston Drive NW,2020-10-20 17:02:00,NW,-114.1081314,51.17418476,Pedestrian incident
Elbow Drive and 36 Avenue SW,2020-10-20 15:19:00,SW,-114.0778258,51.02165795,Pedestrian incident
153 Avenue and Bannister Road SE,2020-10-20 12:23:00,SE,-114.0664978,50.91520082,Pedestrian incident
36 Street and Erin Woods Boulevard SE,2020-10-14 15:58:00,SE,-113.9796209,51.01763714,Pedestrian incident
11 Avenue and Olympic Way SE,2020-10-14 15:52:00,SE,-114.0534494,51.04209034,Pedestrian incident - Blocking lanes
1000 Memorial Drive NW,2020-10-14 14:44:00,NW,-114.0813999,51.05364894,Pedestrian incident
6 Avenue and 11 Street SW,2020-10-11 16:34:00,NW,-114.0885067,51.04817254,Pedestrian incident
Martindale Gate and Martindale Boulevard NE,2020-10-11 13:44:00,NE,-113.9654052,51.11240476,Pedestrian incident
Southbound 14 Street at John Laurie Boulevard NW,2020-10-10 00:02:00,NW,-114.0948751,51.0893979,Pedestrian incident - Road closed
54 Street and 64 Avenue NE,2020-10-07 21:34:00,NE,-113.9558721,51.11056363,Pedestrian incident
34 Avenue and Whiteview Bay NE,2020-10-06 15:21:00,NE,-113.9650152,51.08340197,Pedestrian incident
Southbound 24 Street and Braeside Drive SW,2020-10-04 21:45:00,SW,-114.1180562,50.95418733,Pedestrian incident
Citadel Boulevard and Citadel Ci NW,2020-10-03 17:45:00,NW,-114.1706008,51.14460166,Pedestrian incident
14 Avenue and 19 Street NW,2020-09-29 15:07:00,NW,-114.1043704,51.06512152,Pedestrian incident
52 Street and Seton Boulevard SE,2020-09-26 09:24:00,SE,-113.9423111,50.88513823,Pedestrian incident
Castlebury Co and Castlebury Wy NE,2020-09-24 13:30:00,NE,-113.9641816,51.10213733,Pedestrian incident
Falconridge Drive and Falconridge Boulevard NE,2020-09-24 13:30:00,NE,-113.9582569,51.09983294,Pedestrian incident
Woodbine Boulevard and Wood Valley Drive SW,2020-09-23 08:23:00,SW,-114.1332197,50.94146193,Pedestrian incident
Northbound 52 Street at Rundlehorn Drive NE,2020-09-22 18:03:00,NE,-113.9585039,51.0716745,Pedestrian incident - Blocking lanes
Northbound 52 Street at 4 Avenue NE,2020-09-22 16:15:00,NE,-113.9566185,51.05511847,Pedestrian incident - Blocking lanes
23 Avenue and 56 Street NE,2020-09-22 15:50:00,NE,-113.9526058,51.07353528,Pedestrian incident
10 Street and 11 Avenue SW,2020-09-22 08:03:00,SW,-114.0863812,51.04302715,Pedestrian incident
162 Avenue and Shawville Wy SE,2020-09-20 10:05:00,SE,-114.069643,50.90339321,Pedestrian incident
162 Avenue and Shawville Boulevard SE,2020-09-20 10:05:00,SE,-114.0668503,50.90402792,Pedestrian incident
12 Avenue and 14 Street SW,2020-09-19 16:52:00,SW,-114.0947425,51.04231471,Pedestrian incident
44 Street and 8 Avenue SE,2020-09-18 15:11:00,NE,-113.9699965,51.04516322,Pedestrian incident
Farrell Road and Fairmount Drive SE,2020-09-15 07:43:00,SE,-114.063797,50.99204311,Pedestrian incident
Kensington Road and 14 Street NW,2020-09-14 14:39:00,NW,-114.0946962,51.05251656,Pedestrian incident
Wascana Crescent and Warren Road SE,2020-09-11 08:08:00,SE,-114.0613395,50.96068759,Pedestrian incident
56 Street and 23 Avenue NE,2020-09-10 18:58:00,NE,-113.9526058,51.07353528,Pedestrian incident
Saddlecrest Park and Saddlecrest Terrace NE,2020-09-09 09:18:00,NE,-113.9413354,51.1358309,Pedestrian incident
17 Avenue and 25 Street SW,2020-09-09 08:15:00,SW,-114.1207794,51.0378094,Pedestrian incident
Southbound Deerfoot Trail and 17 Avenue SE,2020-09-06 15:36:00,SE,-114.003105,51.0360829,Pedestrian incident - Road closed
3 Street and 8 Avenue SW,2020-09-02 23:49:00,NE,-114.07041,51.04577551,Pedestrian incident
36 Street and Dover Ridge Drive SE,2020-09-02 18:49:00,SE,-113.9817102,51.02111581,Pedestrian incident
Panatella Boulevard and Panora Gate NW,2020-09-01 15:35:00,NW,-114.0948581,51.1681233,Pedestrian incident
6 Street and 15 Avenue SW,2020-08-30 11:54:00,SW,-114.076805,51.03896382,Pedestrian incident
8 Street and 9 Avenue SE,2020-08-29 22:39:00,SE,-114.0414687,51.04332878,Pedestrian incident
4 Avenue and 1 Street SE,2020-08-28 14:33:00,NE,-114.0603002,51.04925982,Pedestrian incident - Blocking lanes
Eastbound 16 Avenue and 1 Street NE,2020-08-28 13:04:00,NE,-114.0599349,51.06683976,Pedestrian incident - Blocking lanes
2 Street and 2 Avenue SW,2020-08-27 09:53:00,NE,-114.0675503,51.05136647,Pedestrian incident
78 Avenue and Huntington Street NE,2020-08-27 09:14:00,NE,-114.0540633,51.12099749,Pedestrian incident
Bowglen Road and 44 Avenue NW,2020-08-23 12:44:00,NW,-114.2080735,51.0919343,Pedestrian incident
Fonda Hl and Fonda Drive SE,2020-08-22 15:56:00,NE,-113.9736671,51.05214769,Pedestrian incident
14 Street and 14 Avenue NW,2020-08-21 15:39:00,NW,-114.0997785,51.06519008,Pedestrian incident
16 Avenue and 14 Street NW,2020-08-21 15:39:00,NW,-114.0972996,51.06645324,Pedestrian incident
4 Street and 11 Avenue SW,2020-08-21 12:08:00,SW,-114.0714806,51.04262449,Pedestrian incident
Crowfoot Wy and Crowfoot Ci NW,2020-08-17 14:58:00,NW,-114.2070783,51.12555573,Pedestrian incident
15 Avenue and 7 Street SW,2020-08-14 13:46:00,SW,-114.0792722,51.03903292,Pedestrian incident
98 Avenue and Palisbriar Pa SW,2020-08-13 20:18:00,SW,-114.1111648,50.9649956,Pedestrian incident
Arbour Laker Road after Crowfoot Rise NW,2020-08-13 14:00:00,NW,-114.213911,51.12844573,Pedestrian incident
31 Street and 17 Avenue SE,2020-08-13 11:07:00,SE,-113.9856548,51.03732858,Pedestrian incident
14 Street and Northmount Drive NW,2020-08-09 00:17:00,NW,-114.0948266,51.08298264,Pedestrian incident
McKenzie Meadows Drive and McKenzie Lake Boulevard SE,2020-08-08 20:27:00,SE,-113.9922576,50.90028504,Pedestrian incident
80 Avenue and Saddlefield Drive NE,2020-08-06 22:00:00,NE,-113.9371153,51.12514924,Pedestrian incident
Forest Gv and 8 Avenue SE,2020-08-05 22:22:00,NE,-113.9680968,51.04516524,Pedestrian incident
14 Avenue and 2 Street SW,2020-08-01 00:51:00,SE,-114.068369,51.03966819,Pedestrian incident
Southbound 52 Street at Rundlehorn Drive NE,2020-07-28 16:51:00,NE,-113.9585039,51.0716745,Pedestrian incident - Blocking lanes
Westbound Memorial Drive and Edmonton Trail NE,2020-07-28 10:55:00,NE,-114.0503355,51.05060185,Pedestrian incident
9 Avenue and Centre Street N,2020-07-25 22:43:00,NE,-114.0625322,51.06066642,Pedestrian incident
2 Street and 15 Avenue SW,2020-07-25 21:12:00,SE,-114.0684685,51.03872924,Pedestrian incident
Centre Street N and 78 Avenue NW,2020-07-21 07:11:00,NW,-114.0715289,51.12258538,Pedestrian incident
Southbound 52 Street and 21A Avenue SE,2020-07-20 17:52:00,SE,-113.9583839,51.03455141,Pedestrian incident
Beaver Road and Brenner Drive NW,2020-07-20 12:49:00,NW,-114.141175,51.10224835,Pedestrian incident
Coventry Drive and Coventry Boulevard NE,2020-07-18 17:05:00,NE,-114.0445907,51.15793134,Pedestrian incident
Crowfoot Ci and Crowfoot Cr NW,2020-07-17 15:09:00,NW,-114.2070783,51.12555573,Pedestrian incident
Prestwick Gate and 52 Street SE,2020-07-16 21:06:00,SE,-113.9587168,50.92552013,Pedestrian incident
17 Avenue and 47 Street SE,2020-07-14 21:03:00,SE,-113.9657581,51.03791552,Pedestrian incident
Bow Trail and Old Banff Coach Road SW,2020-07-10 20:44:00,NW,-114.1791671,51.05502678,Pedestrian incident
8 Avenue and 4 Street SE,2020-07-10 19:27:00,NE,-114.0531975,51.0452614,Pedestrian incident
Sun Valley Boulevard and Sunmills Drive SE,2020-07-01 16:58:00,SE,-114.0474638,50.90633812,Pedestrian incident
76 Avenue and 20A Street SE,2020-06-28 03:27:00,SE,-114.0101719,50.98504407,Pedestrian incident
Deerfield Drive and Deerfield Villas SE,2020-06-22 10:39:00,SE,-114.017805,50.92199375,Pedestrian incident
Westwinds Drive approaching Castleridge Boulevard NE,2020-06-21 20:14:00,NE,-113.9668015,51.10859464,Pedestrian incident
8 Avenue at 4 Street SE,2020-06-18 14:01:00,NE,-114.0541088,51.04530342,Pedestrian incident
46 Street and 15 Avenue NW,2020-06-13 13:30:00,NW,-114.1638738,51.07087921,Pedestrian incident
Richmond Road and Stewart Gr SW,2020-06-13 11:43:00,SW,-114.1710476,51.01724898,Pedestrian incident
99 Avenue and Southport Road SW,2020-06-09 11:02:00,SW,-114.0729533,50.96092984,Pedestrian incident
17 Avenue and 100 Street SE,2020-06-08 17:49:00,SE,-113.8886603,51.03783792,Pedestrian incident
Centre Street and Beddington Boulevard NE,2020-06-08 17:12:00,NW,-114.0713497,51.1251327,Pedestrian incident
101 Street and 2 Avenue SW,2020-06-04 10:59:00,NW,-114.2342081,51.08145504,Pedestrian incident
Glenmore Trail and 14 Street SW,2020-06-03 19:26:00,SW,-114.0974915,50.9945147,Pedestrian incident
Lindstrom Drive and Legare Drive SW,2020-05-31 12:49:00,SW,-114.1262689,50.99272065,Pedestrian incident
Falmere Road and Falmere Wy NE,2020-05-30 20:48:00,NE,-113.9426668,51.11015939,Pedestrian incident
Macleod Trail and 50 Avenue SW,2020-05-29 18:54:00,SE,-114.0678977,51.00871868,Pedestrian incident - Road closed
Macleod Trail and Hull Avenue SW,2020-05-29 17:53:00,SW,-114.0716929,50.97590718,Pedestrian incident
1 Street and 15 Avenue SW,2020-05-29 17:33:00,SE,-114.0660038,51.03865928,Pedestrian incident
12 Avenue and 2 Street SW,2020-05-27 16:50:00,SE,-114.0682628,51.04156778,Pedestrian incident
16 Avenue and 37 Street SW,2020-05-27 14:11:00,SW,-114.1411226,51.03898611,Pedestrian incident
Northbound Macleod Trail at 71 Avenue SE,2020-05-27 05:46:00,SW,-114.0716364,50.98962821,Pedestrian incident - Blocking lanes
Northbound Macleod Trail at 71 Avenue SE,2020-05-27 05:46:00,SW,-114.0714152,50.98962799,Pedestrian incident - Blocking lanes
Shawville Gate and Somervale Court SW,2020-05-26 04:15:00,SE,-114.0701292,50.89811069,Pedestrian incident
Erin Ridge Road and Erin Ridge Pl SE,2020-05-25 18:13:00,SE,-113.974989,51.01593636,Pedestrian incident
Centre Street and 61 Avenue SE,2020-05-19 12:58:00,SE,-114.0638134,50.99773239,Pedestrian incident
63 Avenue and Crowchild Trail SW,2020-05-17 23:00:00,SW,-114.1180063,50.99716944,Pedestrian incident
Nose Hill Drive and Tuscany Hl NW,2020-05-17 17:59:00,NW,-114.243708,51.10734377,Pedestrian incident
Ogden Road and 76 Avenue SE,2020-05-17 09:56:00,SE,-113.9987836,50.98504693,Pedestrian incident
Everoak Drive and Everoak Gd SW,2020-05-15 11:42:00,SW,-114.1137673,50.91330593,Pedestrian incident
Erin Woods Drive at 52 Street SE,2020-05-12 13:54:00,SE,-113.9588122,51.01910329,Pedestrian incident - Blocking lanes
Southbound 52 Street at Erin Woods Drive SE,2020-05-12 13:54:00,SE,-113.9584548,51.01909201,Pedestrian incident - Blocking lanes
Northbound Chaparral Boulevard at Stoney Trail SE,2020-05-08 20:16:00,SE,-114.0256515,50.88894254,Pedestrian incident
Northbound Chaparral Boulevard at Stoney Trail SE,2020-05-08 20:16:00,SE,-114.0248399,50.89503009,Pedestrian incident - Blocking lanes
11 Avenue and 1 Street SW,2020-05-06 13:27:00,SE,-114.0657282,51.0424612,Pedestrian incident
Varsity Estates Gv and 53 Street NW,2020-05-06 13:24:00,NW,-114.1644862,51.09764026,Pedestrian incident
16 Avenue at 44 Street NW,2020-04-16 17:21:00,NW,-114.158888,51.06858563,Pedestrian incident
16 Avenue at 44 Street NW,2020-04-16 17:21:00,NW,-114.1595505,51.06908383,Pedestrian incident
16 Avenue and 14 Street SW,2020-03-18 19:38:00,SW,-114.0947098,51.03851,Pedestrian incident
Southbound Macleod Trail and 42 Avenue SW,2020-03-16 09:31:00,SE,-114.0646013,51.01575514,Pedestrian incident - Blocking lanes
Northbound Macleod Trail at 7 Avenue SE,2020-03-13 15:09:00,NE,-114.0580442,51.04634587,Pedestrian incident - Blocking lanes
19 Street and 18 Avenue NE,2020-03-10 17:24:00,NE,-114.0134391,51.06890751,Pedestrian incident
Applefield Cl and Applewood Drive SE,2020-03-10 17:19:00,SE,-113.9278821,51.04210027,Pedestrian incident
1 Street and 13 Avenue SE,2020-03-08 21:47:00,SE,-114.0609338,51.04041531,Pedestrian incident
1 Street and 11 Avenue SE,2020-03-08 21:47:00,SE,-114.0607967,51.04230277,Pedestrian incident - Blocking lanes
Westbound 12 Avenue at 5 Street SE,2020-03-08 16:47:00,SE,-114.0510513,51.04107881,Pedestrian incident - Blocking lanes
Mckinnon Road and Mckinnon Tc NE,2020-03-07 23:47:00,NE,-114.0087261,51.06591088,Pedestrian incident
52 Street and Mahogany Street SE,2020-03-04 16:20:00,SE,-113.9433315,50.8965613,Pedestrian incident
9 Avenue and 11 Street SW,2020-03-03 07:49:00,NW,-114.0887064,51.04533065,Pedestrian incident
15 Avenue and 29 Street NW,2020-03-02 10:43:00,NW,-114.1291574,51.06695808,Pedestrian incident
Skyview Ci and Skyview Pr NE,2020-03-01 19:01:00,NE,-113.9523179,51.15586288,Pedestrian incident
Southbound Macleod Trail at 39 Avenue SE,2020-02-29 16:52:00,SE,-114.0632584,51.01802993,Pedestrian incident
Eastbound 12 Avenue and 18 Street SW,2020-02-28 06:43:00,SW,-114.1042345,51.04258908,Pedestrian incident
64 Avenue and Centre Street N,2020-02-27 05:59:00,NE,-114.0625947,51.11037963,Pedestrian incident - Blocking lanes
35 Street and 60 Avenue SE,2020-02-22 18:53:00,SE,-113.9845935,50.99978445,Pedestrian incident
Dufferin Boulevard and 54 Street SE,2020-02-22 06:32:00,SE,-113.955181,50.95212613,Pedestrian incident
Eastbound Southland Drive approaching Bonaventure Drive SE,2020-02-21 17:46:00,SE,-114.0692649,50.9649591,Pedestrian incident
99 Midpark Gardens SE,2020-02-21 14:18:00,SE,-114.059255,50.91370017,Pedestrian incident
2808 spiller Road,2020-02-21 14:09:00,SE,-114.0522864,51.02855671,Pedestrian incident
9 Avenue and Macleod Trail SE,2020-02-21 14:02:00,SE,-114.0581785,51.04447099,Pedestrian incident - Blocking lanes
Eastbound 16 Avenue and Centre Street NW,2020-02-16 21:10:00,NE,-114.0623855,51.06686347,Pedestrian incident - Blocking lanes
1 Street and 15 Avenue SE,2020-02-06 17:37:00,SE,-114.0610715,51.03851912,Pedestrian incident
94 Avenue and Bonaventure Drive SE,2020-01-31 17:59:00,SE,-114.0687682,50.96863426,Pedestrian incident - Road closed
72 Avenue and Centre Street N,2020-01-22 15:37:00,NE,-114.0697305,51.11833941,Pedestrian incident
11588 Sarcee Trail NW,2020-01-21 12:39:00,NW,-114.1553105,51.15475538,Pedestrian incident
9 Avenue at 11 Street SW,2020-01-21 08:48:00,NW,-114.0887064,51.04533065,Pedestrian incident - Blocking lanes
16 Avenue and 19 Street NW,2020-01-17 15:17:00,NW,-114.1063502,51.06690536,Pedestrian incident
58 Avenue and 2 Street SE,2020-01-17 11:51:00,SE,-114.0600118,51.00138202,Pedestrian incident
4 Avenue at 5 Street SW,2020-01-15 15:59:00,NW,-114.0735751,51.04963438,Pedestrian incident
34 Avenue and 19 Street SW,2020-01-12 17:03:00,SW,-114.1069847,51.02318815,Pedestrian incident
5 Street and Glenmore Trail SW,2020-01-08 19:06:00,SW,-114.0763003,50.99591444,Pedestrian incident
Eastbound 16 Avenue and Monterey Avenue NW,2020-01-08 17:43:00,NW,-114.160363,51.06956196,Pedestrian incident - Blocking lanes
1 Street and 11 Avenue SE,2020-01-08 14:21:00,SE,-114.0607967,51.04230277,Pedestrian incident - Blocking lanes
52 Street and 44 Avenue NE,2020-01-06 06:37:00,NE,-113.9589009,51.09145247,Pedestrian incident
52 Street and 23 Avenue NE,2020-01-05 14:39:00,NE,-113.9585038,51.07400148,Pedestrian incident
Eastbound 17 Avenue and 37 Street SE,2020-01-04 10:50:00,SE,-113.9801505,51.03773851,Pedestrian incident
33 Street and Bow Trail SW,2020-01-02 13:25:00,SW,-114.1363894,51.040139,Pedestrian incident
8 Avenue and 44 Street SE,2020-01-02 13:06:00,NE,-113.9699965,51.04516322,Pedestrian incident
Mcknight Boulevard and Centre Street NW,2020-01-01 05:57:00,NE,-114.062464,51.09603511,Pedestrian incident
3619 61 Avenue SE,2020-01-01 04:33:00,SE,-113.9814031,50.99805615,Pedestrian incident
2 Avenue and 9a Street NW,2019-12-30 18:59:00,NW,-114.0845112,51.05424743,Pedestrian incident
2828 32 Avenue NE,2019-12-29 13:11:00,NE,-113.9937758,51.0820104,Pedestrian incident
Confluence Way and 6 Avenue SE,2019-12-27 18:53:00,NE,-114.0489195,51.04703803,Pedestrian incident
Elbow Drive and 58 Avenue SW,2019-12-27 13:06:00,SW,-114.0817767,51.00152739,Pedestrian incident
17 Avenue at Hubalta Road SE,2019-12-24 18:40:00,SE,-113.9512675,51.03778973,Pedestrian incident
60 Street and Pensworth Road SE,2019-12-22 13:35:00,NE,-113.9469448,51.05166189,Pedestrian incident
12 Avenue and 15 Street SW,2019-12-21 22:02:00,SW,-114.0968483,51.04237114,Pedestrian incident
6 Street and 8 Avenue SW,2019-12-20 16:30:00,NW,-114.0763121,51.04590826,Pedestrian incident
Martindale Gate and Martindale Boulevard NE,2019-12-20 08:45:00,NE,-113.9654052,51.11240476,Pedestrian incident
Westwinds Drive at Castleridge Drive NE,2019-12-19 15:38:00,NE,-113.9665472,51.10836021,Pedestrian incident
Westbound 17 Avenue and 31 Street SE,2019-12-18 13:17:00,SE,-113.9895154,51.0379278,Pedestrian incident - Blocking lanes
40 Street and Richmond Road SW,2019-12-17 18:05:00,SW,-114.1452815,51.0211429,Pedestrian incident
Highfield Cr and 13 Street SE,2019-12-12 03:20:00,SE,-114.033792,51.00688989,Pedestrian incident
9 Street and 9 Avenue SW,2019-12-10 17:46:00,NW,-114.0837663,51.04518209,Pedestrian incident
Auburn Bay Boulevard and Auburn Bay Street SE,2019-12-10 08:02:00,SE,-113.9510869,50.88670191,Pedestrian incident
Auburn Bay Street and Auburn Bay Boulevard SE,2019-12-10 08:00:00,SE,-113.9510869,50.88670191,Pedestrian incident
52 Street and Mcivor Boulevard SE,2019-12-09 22:41:00,SE,-113.952166,50.91302549,Pedestrian incident
250 Crowfoot Cr NW,2019-12-09 17:10:00,NW,-114.1984405,51.12895341,Pedestrian incident
15 Avenue and 1 Street SW,2019-12-08 16:51:00,SE,-114.0660038,51.03865928,Pedestrian incident
Mahogany Street and 52 Street SE,2019-12-07 17:31:00,SE,-113.9433315,50.8965613,Pedestrian incident
56 Street and Temple Road NE,2019-12-05 21:16:00,NE,-113.9529664,51.08435352,Pedestrian incident
52 Avenue and Northland Drive NW,2019-12-05 15:15:00,NW,-114.1414344,51.10096036,Pedestrian incident
Westbound 16 Avenue and 10 Street NW,2019-12-05 12:08:00,NW,-114.0855588,51.06698491,Pedestrian incident - Blocking lanes
17 Avenue and 35 Street SW,2019-12-04 09:31:00,SW,-114.1383185,51.03780596,Pedestrian incident
17 Avenue and 5 Street SW,2019-12-03 23:40:00,SW,-114.0745298,51.03782827,Pedestrian incident
11 Street and 58 Avenue SE,2019-12-03 17:07:00,SE,-114.0372839,51.00176168,Pedestrian incident
51 Street and 39 Avenue SW,2019-12-03 16:14:00,SW,-114.1603709,51.01943875,Pedestrian incident
1 Street at 10 Avenue SE,2019-12-03 10:52:00,SE,-114.0607287,51.04325536,Pedestrian incident - Blocking lanes
9a Street and 18 Avenue SW,2019-12-01 01:36:00,SW,-114.0856592,51.03702945,Pedestrian incident
Rundlehorn Drive and Rundlewood Drive NE,2019-11-29 13:02:00,NE,-113.9699034,51.07063492,Pedestrian incident
1 Street and 9 Avenue SW,2019-11-28 13:10:00,SE,-114.0655699,51.04468049,Pedestrian incident
Heritage Drive and Fairmount Drive SE,2019-11-25 22:44:00,SE,-114.0599418,50.97951019,Pedestrian incident
9 Street and 10 Avenue SW,2019-11-25 14:01:00,SW,-114.0838496,51.04390675,Pedestrian incident
32 Avenue and 34 Street NE,2019-11-25 13:17:00,NE,-113.984747,51.08156018,Pedestrian incident - Blocking lanes
2 Street and 16 Avenue NW,2019-11-23 21:10:00,NE,-114.0674497,51.06700062,Pedestrian incident
Whitehorn Drive and 36 Street NE,2019-11-23 17:52:00,NE,-113.9819635,51.08496552,Pedestrian incident - Road closed
14 Street and 20 Avenue NW,2019-11-22 14:28:00,NW,-114.0947355,51.07052903,Pedestrian incident
Heritage Drive and Fairmount Drive SE,2019-11-22 11:34:00,SE,-114.0599418,50.97951019,Pedestrian incident
Canyon Meadows Drive and Canso Cr SW,2019-11-18 15:36:00,SW,-114.0903694,50.93998086,Pedestrian incident
Centre Street and 4 Avenue SW,2019-11-18 06:01:00,NE,-114.0627326,51.04932875,Pedestrian incident
64 Avenue and 4 Street NW,2019-11-15 09:09:00,NW,-114.0714293,51.11059859,Pedestrian incident
84 Avenue and Bonaventure Drive SE,2019-11-14 16:55:00,SE,-114.0685423,50.97775711,Pedestrian incident
4 Avenue and 2 Street SW,2019-11-13 19:39:00,NE,-114.0676833,51.04947028,Pedestrian incident
26 Avenue and 52 Street NE,2019-11-08 12:47:00,NE,-113.9578803,51.07622639,Pedestrian incident
Elbow Drive and Heritage Drive SW,2019-11-07 11:31:00,SW,-114.0831484,50.97957221,Pedestrian incident
9 Avenue and 2 Street SW,2019-11-04 17:28:00,SE,-114.0680349,51.04475028,Pedestrian incident
Shaganappi Trail and Varsity Drive NW,2019-11-02 20:42:00,NW,-114.1549455,51.0933886,Pedestrian incident
Silver Springs Road and Silver Springs Boulevard NW,2019-11-02 20:35:00,NW,-114.1998791,51.11018978,Pedestrian incident
Sarcee Trail and 117 Avenue NW,2019-11-02 16:30:00,NW,-114.1600776,51.15735728,Pedestrian incident
85 Street and 9 Avenue SW,2019-10-31 15:27:00,NW,-114.2114015,51.05970278,Pedestrian incident
Eastbound 16 Avenue and 8 Street NW,2019-10-31 12:51:00,NW,-114.0813739,51.06688757,Pedestrian incident - Blocking lanes
Martindale Boulevard and MartinCrossing Drive NE,2019-10-30 08:11:00,NE,-113.9672008,51.11712106,Pedestrian incident
Douglas Ridge Ci and Douglasdale Boulevard SE,2019-10-29 08:36:00,SE,-113.9825099,50.93447081,Pedestrian incident
Canterbury Drive at Canfield Cr SW,2019-10-29 07:50:00,SW,-114.0803502,50.94785677,Pedestrian incident
Rundlemere Road and 38 Street NE,2019-10-27 23:03:00,NE,-113.978699,51.07469552,Pedestrian incident
Eastbound 16 Avenue and 1 Street NE,2019-10-27 09:40:00,NE,-114.0561364,51.06682186,Pedestrian incident - Road closed
Arbour Crescent and Fairmount Drive SE,2019-10-25 11:51:00,SE,-114.0591867,50.96902212,Pedestrian incident
Elgin Estates Vw and Mckenzie Towne Drive SE,2019-10-22 16:38:00,SE,-113.9592698,50.90961003,Pedestrian incident
Everridge Drive at Everstone Drive SW,2019-10-21 17:29:00,SW,-114.1076204,50.91117395,Pedestrian incident
Eastbound Country Hills Boulevard and Edgepark Boulevard NW,2019-10-20 20:18:00,NW,-114.157095,51.13848392,Pedestrian incident
6315 106 Avenue SE,2019-10-16 16:02:00,SE,-113.9474083,50.96437869,Pedestrian incident
10 Street and 5 Avenue NW,2019-10-16 14:28:00,NW,-114.085979,51.05712199,Pedestrian incident
Sunridge Wy and 23 Avenue NE,2019-10-16 14:11:00,NE,-114.0000124,51.07181411,Pedestrian incident
Fairmount Drive and Southland Drive SE,2019-10-16 06:52:00,SE,-114.0586757,50.96399381,Pedestrian incident
Southbound Macleod Trail and Glenmore Trail SW,2019-10-13 19:17:00,SW,-114.0714064,50.99429479,Pedestrian incident - Blocking lanes
Taradale Drive and Tarington Wy NE,2019-10-12 16:03:00,NE,-113.9277898,51.11401201,Pedestrian incident
Eastbound 194 Avenue and Walden Gate SE,2019-10-12 08:53:00,SE,-114.0364438,50.87702506,Pedestrian incident - Blocking lanes
Shawville Boulevard at Shawville Ri SE,2019-10-12 00:43:00,SE,-114.0672296,50.90576627,Pedestrian incident
37 Avenue and Temple Drive NE,2019-10-11 21:39:00,NE,-113.9392201,51.08651253,Pedestrian incident
11 Avenue and 7 Street SW,2019-10-10 16:45:00,SW,-114.0790041,51.04283648,Pedestrian incident
11588 Sarcee Trail NW,2019-10-10 16:04:00,NW,-114.1553105,51.15475538,Pedestrian incident
Elbow Drive and 50 Avenue SW,2019-10-09 08:57:00,SW,-114.0813769,51.00871807,Pedestrian incident
51 Street and 39 Avenue SW,2019-10-08 21:03:00,SW,-114.1603539,51.01942844,Pedestrian incident
17 Avenue and 44 Street SE,2019-10-07 18:47:00,SE,-113.9700118,51.03776386,Pedestrian incident
Heritage Drive and Fairview Drive SE,2019-10-06 15:05:00,SE,-114.063759,50.97956696,Pedestrian incident
61 Avenue and 3 Street SW,2019-10-05 20:38:00,SE,-114.0695921,50.99764189,Pedestrian incident
Waterfront Co and Waterfront Me SW,2019-10-04 13:44:00,NE,-114.0653227,51.05227812,Pedestrian incident
Alcott Road and 2 Street SE,2019-10-02 12:31:00,SE,-114.0615661,50.96763124,Pedestrian incident
14 Avenue and 14 Street SW,2019-09-28 16:51:00,SW,-114.09471,51.04041493,Pedestrian incident
Sierra Morena Boulevard and Sierra Morena Terrace SW,2019-09-28 15:50:00,SW,-114.1792711,51.02015932,Pedestrian incident
235 Queen Charlotte Way SE,2019-09-25 21:54:00,SE,-114.0199802,50.93534935,Pedestrian incident
85 Street and Wentworth Drive SW,2019-09-25 08:30:00,NW,-114.2113796,51.05699539,Pedestrian incident
Laguna Close and Catalina Boulevard NE,2019-09-24 19:02:00,NE,-113.9315481,51.08323281,Pedestrian incident
40 Street at 114 Avenue SE,2019-09-24 09:41:00,SE,-113.9782741,50.95010873,Pedestrian incident
Whiteview Road and Whitehorn Drive NE,2019-09-22 11:02:00,NE,-113.9699103,51.08473002,Pedestrian incident
3 Street and 6 Avenue SW,2019-09-21 16:01:00,NE,-114.0702464,51.04764484,Pedestrian incident
Crowfoot Cr and Crowfoot Wy NW,2019-09-20 20:22:00,NW,-114.2050012,51.12511242,Pedestrian incident
Southbound Centre Street and 15 Avenue N,2019-09-19 17:12:00,NE,-114.0624925,51.06601109,Pedestrian incident - Blocking lanes
Shawville Gate at Shawville Li SE,2019-09-19 09:20:00,SE,-114.0662227,50.89886355,Pedestrian incident
Eastbound 5 Avenue at 3 Street SE,2019-09-18 18:52:00,NE,-114.0554772,51.04816106,Pedestrian incident - Blocking lanes
Northbound 36 Street at Marlborough Drive NW,2019-09-16 16:02:00,NE,-113.9814363,51.05914327,Pedestrian incident - Blocking lanes
7 Avenue at 7 Street SW,2019-09-16 15:34:00,NW,-114.0787342,51.04694165,Pedestrian incident
Westbound 32 Avenue at 12 Street NE,2019-09-16 14:54:00,NE,-114.0290229,51.08154993,Pedestrian incident - Blocking lanes
Seton Cr and Seton Wy SE,2019-09-16 10:52:00,SE,-113.9599901,50.87761499,Pedestrian incident
Eastbound 90 Avenue and Bay Ridge Drive SW,2019-06-12 17:01:00,SW,-114.109116,50.97217198,Pedestrian incident
Southbound Elbow Drive at 73 Avenue SW,2019-06-11 09:54:00,SW,-114.0831419,50.98778343,Pedestrian incident
Nose Hill Drive and Hawkstone Drive NW,2019-06-10 08:27:00,NW,-114.1848756,51.13744178,Pedestrian incident
16 Avenue and 14 Street SW,2019-06-07 15:37:00,SW,-114.0947098,51.03851,Pedestrian incident
Eastbound 17 Avenue at 41 Street SE,2019-06-05 17:30:00,SE,-113.9743795,51.03772067,Pedestrian incident - Blocking lanes
Kensington Road and Crowchild Trail NW,2019-06-04 16:11:00,NW,-114.117924,51.05249121,Pedestrian incident - Blocking lanes
50 Avenue and 21 Street SW,2019-06-03 08:09:00,SW,-114.1119017,51.0087055,Pedestrian incident
162 Avenue at Shawville Way SW,2019-05-31 01:44:00,SE,-114.069643,50.90339321,Pedestrian incident - Blocking lanes
68 Street and 32 Avenue NW,2019-05-26 10:59:00,NW,-114.1840473,51.0815445,Pedestrian incident
52 Street and Mckenzie Towne Boulevard SE,2019-05-23 15:02:00,SE,-113.9587165,50.91830077,Pedestrian incident
Fairmount Drive and Heritage Drive SE,2019-05-22 15:55:00,SE,-114.0599418,50.97951019,Pedestrian incident
Cranston Drive and Cramond Drive SE,2019-05-19 20:24:00,SE,-113.9795742,50.89227202,Pedestrian incident
Banff Trail at 23 Avenue NW,2019-05-15 18:12:00,NW,-114.1160412,51.07121857,Pedestrian incident
5 Street and 7 Avenue SW,2019-05-14 12:28:00,NW,-114.0738126,51.04682089,Pedestrian incident
Taralea Park at Taralea Manor NE,2019-05-10 11:22:00,NE,-113.9397907,51.11569978,Pedestrian incident
Woodside Gate and Woodpark Boulevard SW,2019-05-04 23:23:00,SW,-114.1096142,50.93769749,Pedestrian incident
17 Avenue and 37 Street SW,2019-05-02 20:23:00,SW,-114.1412112,51.03779279,Pedestrian incident
34 Avenue and 69 Street SW,2019-04-13 15:56:00,SW,-114.18768,51.02324903,Pedestrian incident
Mt Mckenzie Drive and Mckenzie Lake Boulevard SE,2019-04-12 16:28:00,SE,-113.9814758,50.91645854,Pedestrian incident
Northbound Macleod Trail and 10 Avenue SE,2019-04-10 16:43:00,SE,-114.0582717,51.04318128,Pedestrian incident - Blocking lanes
Sanadarac Drive and 14 Street NW,2019-04-09 07:30:00,NW,-114.1070374,51.14045235,Pedestrian incident
17 Avenue and 4 Street SW,2019-04-04 08:27:00,SW,-114.071482,51.03783053,Pedestrian incident
Southbound Sarcee Trail at Richmond Road SW,2019-04-01 09:11:00,SW,-114.1660667,51.01814445,Pedestrian incident
Beddington Boulevard at Berkley Drive NW,2019-03-29 11:12:00,NW,-114.0771542,51.12731457,Pedestrian incident
36 Street and Whitehorn Drive NE,2019-03-25 09:37:00,NE,-113.9819635,51.08496552,Pedestrian incident
2 Street and 25 Avenue SW,2019-03-22 11:03:00,SE,-114.0690337,51.0305068,Pedestrian incident
17 Street and 17 Avenue SW,2019-03-20 19:02:00,SW,-114.1015979,51.03782972,Pedestrian incident
Southbound 36 Street and Radcliffe Drive SE,2019-03-20 15:10:00,NE,-113.9821134,51.04814715,Pedestrian incident
39 Avenue and 26 Street NE,2019-03-19 09:16:00,NE,-113.997768,51.0887029,Pedestrian incident
New Brighton Drive at New Brighton Way SE,2019-03-18 08:37:00,SE,-113.9429613,50.91659117,Pedestrian incident
Center Street and Blackthorn Road NE,2019-03-17 11:59:00,NE,-114.0624355,51.10721644,Pedestrian incident
Bannister Road and 153 Avenue SE,2019-03-15 19:04:00,SE,-114.0664978,50.91520082,Pedestrian incident
Ogden Road and 68 Avenue SE,2019-03-15 15:06:00,SE,-114.0022643,50.99189149,Pedestrian incident
Southbound Edmonton Trail and 12 Avenue NE,2019-03-09 20:18:00,NE,-114.0560571,51.06330666,Pedestrian incident
Macleod Trail and Southland Drive SW,2019-03-05 22:22:00,SW,-114.0717417,50.96436625,Pedestrian incident - Blocking lanes
Edmonton Trail at 12 Avenue NE,2019-03-05 16:17:00,NE,-114.0560571,51.06330666,Pedestrian incident
11 Avenue and 3 Street SE,2019-03-03 00:11:00,SE,-114.0558846,51.04216391,Pedestrian incident
36 Street and 17 Avenue SE,2019-02-27 17:17:00,SE,-113.981692,51.03777598,Pedestrian incident
Kensington Road and 10a Street NW,2019-02-14 15:19:00,NW,-114.0872862,51.052503,Pedestrian incident
Northbound Macleod Trail at 15 Avenue SE,2019-02-14 01:22:00,SE,-114.0586145,51.03844936,Pedestrian incident
Eastbound Memorial Drive at Edmonton Trail NE,2019-02-10 02:52:00,NE,-114.0503355,51.05060185,Pedestrian incident - Blocking lanes
Eastbound Memorial Drive at Edmonton Trail NE,2019-02-10 02:52:00,NE,-114.0473917,51.04953438,Pedestrian incident
Temple Drive and 64 Street NE,2019-02-07 19:20:00,NE,-113.9426859,51.09262806,Pedestrian incident
Barlow Trail and 61 Avenue SE,2019-02-07 06:37:00,SE,-113.9849614,50.99879733,Pedestrian incident
16 Avenue and 14 Street SW,2019-02-04 08:28:00,SW,-114.0947098,51.03851,Pedestrian incident
4 Avenue and Centre Street S,2019-02-01 08:02:00,NE,-114.0627326,51.04932875,Pedestrian incident
29 Street and 17 Avenue SW,2019-01-29 18:49:00,SW,-114.1295463,51.03780505,Pedestrian incident
Eastbound 17 Avenue and 52 Street SE,2019-01-29 15:44:00,SE,-113.9586351,51.03794279,Pedestrian incident - Blocking lanes
Old Banff Coach Road and Coachway Road SW,2019-01-29 08:35:00,NW,-114.1827838,51.06103908,Pedestrian incident
36 Street and 17 Avenue SE,2019-01-26 20:57:00,SE,-113.981692,51.03777598,Pedestrian incident
17 Avenue and 36 Street SW,2019-01-24 18:19:00,SW,-114.1397414,51.03779969,Pedestrian incident
Russet Road and 13 Avenue NE,2019-01-23 08:34:00,NE,-114.0426197,51.06415799,Pedestrian incident
5 Street and 4 Avenue SW,2019-01-20 18:25:00,NW,-114.0735751,51.04963438,Pedestrian incident
22 Street and 50 Avenue SW,2019-01-19 23:22:00,SW,-114.1150922,51.00871121,Pedestrian incident
Centre Street and 5 Avenue SE,2019-01-16 15:45:00,NE,-114.0627998,51.04838839,Pedestrian incident
Northbound Centre Street and 5 Avenue SE,2019-01-16 15:45:00,NE,-114.0627613,51.04842123,Pedestrian incident
Falconridge Boulevard at Falshire Drive NE,2019-01-16 12:34:00,NE,-113.9498162,51.10671479,Pedestrian incident
8 Avenue and 8 Street SW,2019-01-15 19:20:00,NW,-114.0812386,51.0460602,Pedestrian incident
36 Street at Memorial Drive NE,2019-01-14 10:54:00,NE,-113.9814724,51.05352884,Pedestrian incident
Westbound Stoney Trail at Valley Ridge Boulevard NW,2019-01-12 16:28:00,NW,-114.2517763,51.08861855,Pedestrian incident - Blocking lanes
Douglas Park Boulevard and Douglasdale Boulevard SE,2019-01-10 16:00:00,SE,-114.0001367,50.94216684,Pedestrian incident
Northbound 36 Street at 20 Avenue NE,2019-01-10 07:58:00,NE,-113.9814581,51.07167707,Pedestrian incident - Blocking lanes
30 Avenue at 4 Street NW,2019-01-09 20:04:00,NW,-114.0715404,51.07963725,Pedestrian incident
Northbound Beddington Trail at Hidden Creek Drive NW,2019-01-09 15:40:00,NW,-114.1059956,51.15371158,Pedestrian incident - Blocking lanes
26 Avenue and 5 Street NW,2019-01-09 07:00:00,NW,-114.0740084,51.07605269,Pedestrian incident
Saddletowne Ci and 60 Street NE,2019-01-08 17:27:00,NE,-113.9476791,51.12654847,Pedestrian incident
1 Street and 5 Avenue SE,2019-01-06 08:11:00,NE,-114.060367,51.04831937,Pedestrian incident
14 Street and Northmount Drive NW,2019-01-05 19:55:00,NW,-114.0948266,51.08298264,Pedestrian incident
Sunridge Way and 29 Street NE,2019-01-04 11:05:00,NE,-113.9918292,51.06919261,Pedestrian incident
Macleod Trail and 10 Avenue SE,2019-01-03 07:42:00,SE,-114.0582717,51.04318128,Pedestrian incident - Blocking lanes
Southbound 52 Street at 44 Avenue NE,2019-01-02 17:45:00,NE,-113.9589009,51.09145256,Pedestrian incident - Blocking lanes
Southbound 52 Street at 44 Avenue NE,2019-01-02 17:45:00,NE,-113.9585391,51.09168931,Pedestrian incident - Road closed
Shawnee Gate and James Mckevitt Road SW,2019-01-01 11:15:00,SW,-114.0751332,50.9214025,Pedestrian incident
Mcknight Boulevard and Centre Street N,2019-01-01 00:26:00,NE,-114.0624275,51.09610336,Pedestrian incident - Road closed
John Laurie Boulevard and Hawkwood Drive NW,2018-12-24 11:44:00,NW,-114.1890085,51.12546991,Pedestrian incident
Ranchero Drive at John Laurie Boulevard NW,2018-12-24 11:44:00,NW,-114.1893571,51.12511516,Pedestrian incident
Scenic Acres Boulevard at Scenic Acres Drive,2018-12-24 11:13:00,NW,-114.2224634,51.1158745,Pedestrian incident
Centre Street and 64 Avenue NE,2018-12-22 15:25:00,NE,-114.0623519,51.1105494,Pedestrian incident
72 Avenue and 4 Street NW,2018-12-21 14:17:00,NW,-114.071005,51.11747951,Pedestrian incident
17 Avenue and 8 Street SW,2018-12-21 09:26:00,SW,-114.0817913,51.03781478,Pedestrian incident
8 Avenue and 6 Street SW,2018-12-20 17:52:00,NW,-114.0763121,51.04590827,Pedestrian incident
Scurfield Drive and Scenic Acres Boulevard NW,2018-12-19 19:48:00,NW,-114.2225071,51.11598966,Pedestrian incident
Westbound Horton Road and Southland Drive SW,2018-12-19 16:06:00,SW,-114.0745978,50.96508122,Pedestrian incident
Westbound 6 Avenue at 1 Street SW,2018-12-19 07:17:00,NE,-114.065349,51.04753036,Pedestrian incident - Blocking lanes
11 Street approaching Heritage Meadows Way SE,2018-12-18 18:30:00,SE,-114.0423932,50.9839673,Pedestrian incident
85 Street and 9 Avenue SW,2018-12-18 15:53:00,NW,-114.2114015,51.05970278,Pedestrian incident
32 Street and Sunridge Boulevard NE,2018-12-18 15:46:00,NE,-113.9886923,51.07580831,Pedestrian incident
36 Street and 39 Avenue NE,2018-12-18 14:14:00,NE,-113.9822691,51.08839261,Pedestrian incident - Road closed
36 Street and 39 Avenue NE,2018-12-18 14:14:00,NE,-113.9817345,51.08835962,Pedestrian incident
78 Avenue and 5 Street NW,2018-12-17 15:55:00,NW,-114.0741927,51.12258777,Pedestrian incident
Southbound Centre Street at 12 Avenue N,2018-12-17 13:50:00,SE,-114.0632977,51.04142665,Pedestrian incident - Blocking lanes
15 Avenue and 4 Street SW,2018-12-15 22:51:00,SW,-114.0714817,51.03881473,Pedestrian incident
Sunridge Boulevard at 29 Street NE,2018-12-15 11:36:00,NE,-113.9925116,51.07660483,Pedestrian incident
4 Street and 17 Avenue SW,2018-12-14 22:14:00,SW,-114.071482,51.03783053,Pedestrian incident
Spruce Drive at 8 Avenue SW,2018-12-14 16:19:00,NW,-114.1354147,51.04503487,Pedestrian incident - Road closed
Old Banff Coach Road and Coach Hill Road SW,2018-12-14 15:22:00,NW,-114.1852331,51.06262955,Pedestrian incident
Southbound 52 Street  at 16 Avenue NE,2018-12-13 17:46:00,NE,-113.9583547,51.06917145,Pedestrian incident - Blocking lanes
Shawnessy Boulevard at Shawnessy Drive SW,2018-12-07 09:09:00,SW,-114.0738049,50.91297574,Pedestrian incident
Macewan Drive at 14 Street NW,2018-12-07 07:21:00,NW,-114.1092217,51.14026919,Pedestrian incident
Southbound 1 Street at 12 Avenue SE,2018-12-06 19:37:00,SE,-114.0608654,51.04135756,Pedestrian incident
Queen Charlotte Drive and Canyon Meadows Drive SE,2018-12-06 09:03:00,SE,-114.0230293,50.93171597,Pedestrian incident
2 Street and 9 Avenue SW,2018-12-04 13:10:00,SE,-114.0680349,51.04475028,Pedestrian incident - Blocking lanes
4 Street and 14 Avenue SW,2018-11-28 18:31:00,SW,-114.0715078,51.03974686,Pedestrian incident
Eastbound 16 Avenue at 12 Street NW,2018-11-28 18:12:00,NW,-114.0898355,51.06681961,Pedestrian incident
Northbound 52 Street north of Memorial Drive  NE,2018-11-27 22:01:00,NE,-113.9558176,51.05370229,Pedestrian incident
13 Avenue at Macleod Trail SE,2018-11-27 10:23:00,SE,-114.0588039,51.04036471,Pedestrian incident
2 Avenue and 33 Street NE,2018-11-25 10:02:00,NE,-113.985984,51.05201074,Pedestrian incident
8 Avenue and 19 Street NE,2018-11-24 16:48:00,NE,-114.0132979,51.05960462,Pedestrian incident
Hunterview Drive and Huntsbay Road NW,2018-11-22 18:48:00,NW,-114.0799475,51.11169997,Pedestrian incident
Northbound 37 Street and Bow Trail SW,2018-11-22 15:36:00,NW,-114.1411308,51.04517194,Pedestrian incident
17 Avenue at 11 Street SW,2018-11-22 10:15:00,SW,-114.0900453,51.0378177,Pedestrian incident
Eastbound 16 Avenue and 6 Street NE,2018-11-20 09:23:00,NE,-114.0483315,51.0668828,Pedestrian incident
20 Street and 50 Avenue SW,2018-11-20 08:54:00,SW,-114.1093248,51.00871261,Pedestrian incident
4 Street and Thorneycroft Drive NW,2018-11-19 17:30:00,NW,-114.0714897,51.10035045,Pedestrian incident
7 Avenue at Edmonton Trail NE,2018-11-18 12:15:00,NE,-114.0543112,51.05886055,Pedestrian incident
14 Street and Cromwell Avenue NW,2018-11-17 23:26:00,NW,-114.0947422,51.0860997,Pedestrian incident - Blocking lanes
Eastbound 16 Avenue at 46 Street NW,2018-11-17 21:02:00,NW,-114.1627391,51.07147321,Pedestrian incident
Bonaventure Drive and Flint Road SE,2018-11-15 18:30:00,SE,-114.0679558,50.97956828,Pedestrian incident
26 Avenue and 36 Street NE,2018-11-15 09:07:00,NE,-113.9822378,51.07791037,Pedestrian incident
14 Street at Macewan Drive NW,2018-11-14 15:02:00,NW,-114.1088942,51.14030437,Pedestrian incident
Goddard Avenue and 4 Street NE,2018-11-09 17:58:00,NE,-114.0538516,51.0974852,Pedestrian incident
33 Street and 26 Avenue SW,2018-11-08 08:42:00,SW,-114.1354958,51.03005039,Pedestrian incident
Southbound 4 Street at 64 Avenue NE,2018-11-04 17:39:00,NE,-114.0569705,51.11088305,Pedestrian incident
Bonaventure Drive and 99 Avenue SE,2018-11-03 15:31:00,SE,-114.0688375,50.96097289,Pedestrian incident
Applewood Drive and 68 Street SE,2018-11-02 19:21:00,NE,-113.9352317,51.04562684,Pedestrian incident
36 Street and Erin Woods Boulevard SE,2018-10-30 17:28:00,SE,-113.9796209,51.01763714,Pedestrian incident
Southbound 14 Street and 14 Avenue NW,2018-10-30 07:38:00,NW,-114.0947629,51.06353574,Pedestrian incident
46 Avenue and Macleod Trail SW,2018-10-29 16:54:00,SE,-114.0666528,51.01130333,Pedestrian incident
Southbound Macleod Trail at 53 Avenue SW,2018-10-29 16:43:00,SE,-114.0699068,51.00561332,Pedestrian incident
Shawville Boulevard at Shawville Rise SW,2018-10-29 15:56:00,SE,-114.0672297,50.90576627,Pedestrian incident
36 Street and 30 Avenue SE,2018-10-26 00:56:00,SE,-113.9820627,51.02694033,Pedestrian incident
Trafford Pl and Trafford Drive NW,2018-10-25 09:37:00,NW,-114.0817363,51.09798854,Pedestrian incident
26 Street and Sunridge Boulevard NE,2018-10-24 18:45:00,NE,-113.9982062,51.07656155,Pedestrian incident
Marbank Drive and Marlyn Wy NE,2018-10-24 07:56:00,NE,-113.9766762,51.06320918,Pedestrian incident
10 Avenue and 11 Street SW,2018-10-23 11:45:00,SW,-114.0887831,51.04404541,Pedestrian incident
Westbound 6 Avenue and 1 Street SE,2018-10-22 19:55:00,NE,-114.0604344,51.04737605,Pedestrian incident - Road closed
Centre Street at 64 Avenue NE,2018-10-22 10:07:00,NE,-114.0623519,51.1105494,Pedestrian incident
Front Street and Seton Square SE,2018-10-21 07:38:00,SE,-113.9527445,50.88070025,Pedestrian incident
17 Avenue and 17 Street SW,2018-10-20 17:02:00,SW,-114.1015979,51.03782972,Pedestrian incident
17 Avenue and 4 Street SW,2018-10-19 21:06:00,SW,-114.071482,51.03783053,Pedestrian incident
Valleyview Road and Vista Road NE,2018-10-19 08:45:00,NE,-114.0215269,51.07106895,Pedestrian incident
9 Street and 16 Avenue SW,2018-10-17 16:31:00,SW,-114.0842568,51.03819384,Pedestrian incident
Southbound 5 Street at 10 Avenue SW,2018-10-17 15:41:00,SW,-114.074012,51.04363076,Pedestrian incident
Macleod Trail and Southland Drive SW,2018-10-17 08:39:00,SW,-114.0718359,50.9649197,Pedestrian incident
40 Avenue and Northmount Drive NW,2018-10-16 17:34:00,NW,-114.0854903,51.08885011,Pedestrian incident
11 Street at  59 Avenue SE,2018-10-15 16:52:00,SE,-114.0372449,50.99951532,Pedestrian incident
25 Avenue at Macleod Trail SE,2018-10-15 13:23:00,SE,-114.0590932,51.03051854,Pedestrian incident - Road closed
162 Avenue at Shawville Way SE,2018-10-15 08:07:00,SE,-114.069643,50.90339321,Pedestrian incident - Road closed
162 Avenue between Shawinigan Drive and Shawville Way SE,2018-10-15 08:07:00,SE,-114.0706809,50.90321989,Pedestrian incident - Road closed
Centre Street at 68 Avenue NW,2018-10-14 11:42:00,NE,-114.0677075,51.11584455,Pedestrian incident
12 Avenue and Radisson Drive SE,2018-10-12 07:13:00,SE,-113.9870633,51.04244723,Pedestrian incident
33 Street and 17 Avenue SE,2018-10-09 13:23:00,SE,-113.9866334,51.03777036,Pedestrian incident
Southbound 1 Street at 5 Avenue SE,2018-10-04 14:15:00,NE,-114.060367,51.04831937,Pedestrian incident - Blocking lanes
Cherokee Drive and Northmount Drive NW,2018-09-30 17:00:00,NW,-114.1115241,51.08805363,Pedestrian incident
4 Street and 40 Avenue NW,2018-09-27 07:14:00,NW,-114.0722057,51.08738351,Pedestrian incident
5 Street and 15 Avenue SW,2018-09-25 11:50:00,SW,-114.0743467,51.03889502,Pedestrian incident
Childrens Way and Smith Street NW,2018-09-24 08:08:00,NW,-114.1486526,51.07620932,Pedestrian incident
9 Avenue and 3 Street SE,2018-09-23 23:24:00,SE,-114.0557105,51.04440091,Pedestrian incident
6 Avenue and 3 Street SE,2018-09-22 22:55:00,NE,-114.0555076,51.04723618,Pedestrian incident
19 Street and 8 Avenue NE,2018-09-21 17:48:00,NE,-114.0132979,51.05960462,Pedestrian incident
Southbound Centre Street at 2 Avenue SW,2018-09-21 10:48:00,NE,-114.0626242,51.05122681,Pedestrian incident - Blocking lanes
36 Street and 30 Avenue SE,2018-09-20 22:49:00,SE,-113.9814982,51.02694654,Pedestrian incident
8 Avenue at 52 Street SE,2018-09-20 20:54:00,NE,-113.9583483,51.04517529,Pedestrian incident
Country Hills Boulevard west of Stoney Trail NE,2018-09-20 15:57:00,NE,-113.9320976,51.1543092,Pedestrian incident
Mckenzie Lake Boulevard at Mckenzie Drive SE,2018-09-18 16:58:00,SE,-113.9910194,50.90205454,Pedestrian incident
14 Street and 2 Avenue NW,2018-09-11 19:01:00,NW,-114.0947035,51.05456837,Pedestrian incident
37 Street and 25 Avenue SW,2018-09-11 18:51:00,SW,-114.1411961,51.0316013,Pedestrian incident
Ypres Gr and Ypres Gr SW,2018-09-07 16:26:00,SW,-114.1167685,51.01733938,Pedestrian incident
Erin Road and Erin Woods Drive SE,2018-09-06 08:11:00,SE,-113.9698427,51.01673371,Pedestrian incident
24 Street and Everridge Drive SW,2018-09-05 21:03:00,SW,-114.1171836,50.91088741,Pedestrian incident
Northbound 10 Street at 3 Avenue NW,2018-09-04 14:59:00,NW,-114.0859213,51.05559558,Pedestrian incident - Blocking lanes
12 Street and 20 Avenue NW,2018-09-03 18:13:00,NW,-114.0897977,51.07052753,Pedestrian incident
7 Avenue and Centre Street S,2018-09-01 12:21:00,NE,-114.0629214,51.04649428,Pedestrian incident
Macleod Trail and 42 Avenue SW,2018-09-01 01:17:00,SE,-114.0646013,51.01575514,Pedestrian incident
15 Avenue at Macleod Trail SE,2018-08-31 08:58:00,SE,-114.0586145,51.03844936,Pedestrian incident
Riverfront Avenue at Macleod Trail SE,2018-08-31 08:58:00,NE,-114.0578257,51.05066491,Pedestrian incident
Southbound Edmonton Trail and 15 Avenue NE,2018-08-30 08:19:00,NE,-114.0562584,51.06597282,Pedestrian incident
162 Avenue and 24 Street SW,2018-08-28 21:21:00,SW,-114.1171258,50.90661562,Pedestrian incident
4 Street and 15 Avenue SW,2018-08-27 07:36:00,SW,-114.0714817,51.03881473,Pedestrian incident
Eastbound Memorial Drive west of Deerfoot Trail NE,2018-08-25 04:22:00,NE,-114.0189666,51.05083545,Pedestrian incident
Memorial Drive and 10A Street SW,2018-08-23 18:41:00,NW,-114.0889202,51.05133526,Pedestrian incident - Blocking lanes
Southbound 1 Street and 17 Avenue SE,2018-08-22 08:30:00,SE,-114.0611214,51.03783263,Pedestrian incident
162 Avenue and James McKevitt Road SW,2018-08-14 21:54:00,SW,-114.0990635,50.90532026,Pedestrian incident
19 Street and Northmount Drive NW,2018-08-14 17:56:00,NW,-114.1091246,51.08754717,Pedestrian incident
17 Avenue and 31 Street SE,2018-08-13 12:46:00,SE,-113.9894021,51.03776255,Pedestrian incident
Millrise Drive and 5 Street SW,2018-08-11 23:55:00,SW,-114.0717058,50.91684371,Pedestrian incident
7 Street and 3 Avenue NW,2018-08-09 20:56:00,NW,-114.0806395,51.05777449,Pedestrian incident
27 Street at Barlow Trail SE,2018-08-09 16:17:00,SE,-113.9955254,51.03786372,Pedestrian incident
Northbound Edmonton Trail approaching 1 Avenue NE,2018-08-09 08:14:00,NE,-114.0502924,51.05199842,Pedestrian incident - Blocking lanes
13 Avenue and 4 Street SW,2018-08-05 01:05:00,SW,-114.0714812,51.04071489,Pedestrian incident
7 Avenue and 9 Street SW,2018-08-03 23:35:00,NW,-114.0836462,51.04708189,Pedestrian incident
Westbound 16 Avenue at 14 Street NW,2018-08-02 21:52:00,NW,-114.0960372,51.06701776,Pedestrian incident - Blocking lanes
Woodview Drive at Woodcroft Place SW,2018-08-01 20:21:00,SW,-114.1034186,50.9415101,Pedestrian incident
52 Street and 76 Avenue SE,2018-07-31 00:11:00,SE,-113.9589577,50.98510266,Pedestrian incident
31 Avenue and 6 Street NE,2018-07-28 16:01:00,NE,-114.048348,51.07861649,Pedestrian incident
100 Avenue and 19 Street NE,2018-07-28 15:04:00,NE,-114.0141202,51.14337255,Pedestrian incident
Falconridge Boulevard at Taracove Estate Drive NE,2018-07-26 22:35:00,NE,-113.9468548,51.11886386,Pedestrian incident
Evanspark Boulevard and Symons Valley Py NW,2018-07-26 16:22:00,NW,-114.1179455,51.16811327,Pedestrian incident
37 Street at 13 Avenue SW,2018-07-20 11:35:00,SW,-114.1411234,51.04150998,Pedestrian incident
Falconridge Boulevard and Castleridge Boulevard NE,2018-07-16 13:59:00,NE,-113.9584105,51.09992577,Pedestrian incident
Falconridge Boulevard and Castleridge Boulevard NE,2018-07-16 13:59:00,NE,-113.9583287,51.09992574,Pedestrian incident
94 Avenue and Bonaventure Drive SE,2018-07-15 11:23:00,SE,-114.0687682,50.96863427,Pedestrian incident
8 Street and 7 Avenue SW,2018-07-14 07:50:00,NW,-114.0811841,51.04703023,Pedestrian incident
24 Street and Oakfield Drive SW,2018-07-06 17:54:00,SW,-114.1183804,50.95418646,Pedestrian incident
Blackthorn Road and 4 Street NW,2018-07-06 13:16:00,NW,-114.0714604,51.10721658,Pedestrian incident
1 Street and 7 Avenue SW,2018-07-04 11:15:00,NE,-114.0654118,51.04656546,Pedestrian incident
Templemont Drive and Templemont Road NE,2018-06-30 19:38:00,NE,-113.9564402,51.09290341,Pedestrian incident
46 Avenue and 77 Street NW,2018-06-29 18:53:00,NW,-114.1993258,51.09408693,Pedestrian incident
23 Avenue and 1 Street NE,2018-06-28 19:45:00,NE,-114.0599508,51.07330738,Pedestrian incident
Fairmount Drive and 94 Avenue SE,2018-06-26 16:23:00,SE,-114.0591922,50.96863259,Pedestrian incident
Southland Drive at Elbow Drive SW,2018-06-25 11:19:00,SW,-114.0848869,50.96344712,Pedestrian incident
6 Street and 51 Avenue SW,2018-06-22 07:22:00,SW,-114.0788977,51.00781791,Pedestrian incident
94 Avenue and 5 Street SE,2018-06-14 08:01:00,SE,-114.0528035,50.96852319,Pedestrian incident
62 Avenue and Lynnview Road SE,2018-06-11 18:21:00,SE,-114.0208939,50.99774606,Pedestrian incident
Eastbound 16 Avenue and Edmonton Trail NE,2018-06-08 06:55:00,NE,-114.0561676,51.06684262,Pedestrian incident - Blocking lanes
1 Street and 9 Avenue SW,2018-06-07 23:12:00,SE,-114.0655699,51.0446805,Pedestrian incident
78 Avenue and Centre Street N,2018-06-06 20:00:00,NW,-114.0715289,51.12258538,Pedestrian incident
Oakmoor Drive and Oakmoor Drive SW,2018-06-05 19:28:00,SW,-114.1323436,50.96283034,Pedestrian incident
68 Street and 32 Av NE,2018-06-05 10:58:00,NE,-113.9355577,51.08158341,Pedestrian incident
Premier Way and 14 Street SW,2018-06-05 00:01:00,SW,-114.0946892,51.02767737,Pedestrian incident
7 Street and 15 Avenue SW,2018-06-03 14:00:00,SW,-114.0792721,51.03903292,Pedestrian incident
19 Avenue and 14 Street SW,2018-05-31 18:09:00,SW,-114.0947067,51.03655905,Pedestrian incident
63 Avenue and Lancaster Wy SW,2018-05-31 08:06:00,SW,-114.1263802,50.99767787,Pedestrian incident
14 Street at 22 Avenue NW,2018-05-29 18:38:00,NW,-114.0947292,51.07231529,Pedestrian incident
11 Avenue and 14 Street SW,2018-05-24 09:14:00,SW,-114.0947557,51.04326518,Pedestrian incident
Acadia Drive and Southland Drive SE,2018-05-22 13:05:00,SE,-114.0484281,50.96398656,Pedestrian incident
29 Street and Sunridge Way NE,2018-05-22 12:00:00,NE,-113.9918292,51.06919261,Pedestrian incident
94 Avenue at Bonaventure Drive SE,2018-05-20 18:05:00,SE,-114.0687682,50.96863427,Pedestrian incident
90 Avenue and 16 Street SW,2018-05-17 17:43:00,SW,-114.1005048,50.97229792,Pedestrian incident
Southbound 36 Street and Whitehorn Drive NE,2018-05-16 11:00:00,NE,-113.9819635,51.08496552,Pedestrian incident - Road closed
Kensington Road and 10 Street NW,2018-05-12 21:35:00,NW,-114.0858796,51.05250045,Pedestrian incident
Strathcona Drive and Strathcona Boulevard SW,2018-05-09 19:31:00,NW,-114.1861927,51.04691551,Pedestrian incident
Cranston Drive and Cranston Way SE,2018-05-06 04:24:00,SE,-113.9748275,50.88737111,Pedestrian incident
Bonaventure Drive and 90 Avenue SE,2018-04-30 13:10:00,SE,-114.0687207,50.97224965,Pedestrian incident
17 Avenue at Sirocco Drive SW,2018-04-29 14:36:00,SW,-114.1701295,51.03761233,Pedestrian incident
Centre Street and 5 Avenue SE,2018-04-26 20:16:00,NE,-114.0627998,51.04838839,Pedestrian incident
17 Avenue and 2 Street SW,2018-04-22 05:00:00,SE,-114.0685337,51.03783122,Pedestrian incident
Temple Drive at 55 Street NE,2018-04-20 23:37:00,NE,-113.9541796,51.0858862,Pedestrian incident
9 Street and 6 Avenue SW,2018-04-20 15:26:00,NW,-114.0837606,51.04803328,Pedestrian incident
1a Street and 58 Avenue SW,2018-04-20 11:21:00,SE,-114.0676448,51.00137767,Pedestrian incident
Spruce Drive at Plum Tree Place SW,2018-04-19 20:04:00,SW,-114.1354176,51.04408159,Pedestrian incident
19 Street and 8 Avenue NE,2018-04-18 17:11:00,NE,-114.0132979,51.05960462,Pedestrian incident
Southbound 1 Street and 17 Avenue SE,2018-04-16 08:44:00,SE,-114.0611214,51.03783263,Pedestrian incident
17 Avenue and 15 Street SW,2018-04-14 11:42:00,SW,-114.0975958,51.03783034,Pedestrian incident
Old Banff Coach Road and 77 Street SW,2018-04-10 16:35:00,NW,-114.1994418,51.06695899,Pedestrian incident
Silverado Saddle Avenue and Silverado Bank Circle SW,2018-04-10 10:01:00,SW,-114.083004,50.88320029,Pedestrian incident
11 Street and 15 Avenue SW,2018-04-09 01:27:00,SW,-114.0891162,51.03930811,Pedestrian incident
Southbound 14 Street at 17 Avenue SW,2018-04-04 13:44:00,SW,-114.09471,51.03782418,Pedestrian incident
Westbound Memorial Drive approaching 36 Street NE,2018-04-04 08:28:00,NE,-113.9829193,51.05213682,Pedestrian incident - Blocking lanes
40 Avenue and Centre Street N,2018-04-03 11:37:00,NE,-114.0624337,51.08874046,Pedestrian incident
146 Avenue and Bow Bottom Trail SE,2018-03-31 23:21:00,SE,-114.0193059,50.91842963,Pedestrian incident
Southbound Macleod Trail at Canyon Meadows Drive SE,2018-03-29 23:06:00,SE,-114.0686808,50.9311591,Pedestrian incident - Road closed
Centre Street and 22 Avenue N,2018-03-29 22:36:00,NE,-114.0625171,51.07244141,Pedestrian incident
8 Street and 6 Avenue SW,2018-03-29 01:31:00,NW,-114.0811175,51.04796215,Pedestrian incident
34 Avenue and 26 Street SE,2018-03-28 22:50:00,SE,-113.9990247,51.02314164,Pedestrian incident
8 Street and 8 Avenue SW,2018-03-28 21:08:00,NW,-114.0812386,51.0460602,Pedestrian incident
Walden Gate at 194 Avenue SE,2018-03-26 12:16:00,SE,-114.0366856,50.87695792,Pedestrian incident
14 Street and 12 Avenue SW,2018-03-25 11:52:00,SW,-114.0947425,51.04231471,Pedestrian incident
50 Street and 17 Avenue SE,2018-03-25 00:41:00,SE,-113.9613706,51.03782803,Pedestrian incident
Northbound 36 Street and 10 Avenue SE,2018-03-20 22:31:00,SE,-113.9816491,51.04399157,Pedestrian incident
Edmonton Trail and Greenview Drive NE,2018-03-20 18:52:00,NE,-114.0525089,51.09135297,Pedestrian incident
8 Avenue and Madigan Drive NE,2018-03-20 10:00:00,NE,-113.9404907,51.05964228,Pedestrian incident
Southbound 1 Street and 14 Avenue SE,2018-03-17 22:25:00,SE,-114.0610022,51.03947315,Pedestrian incident - Blocking lanes
64 Street and Temple Drive NE,2018-03-15 09:26:00,NE,-113.942686,51.09262806,Pedestrian incident
96 Avenue and Harvest Hills Boulevard NW,2018-03-14 22:35:00,NE,-114.0693215,51.14248843,Pedestrian incident
1 Street and 12 Avenue SE,2018-03-14 14:27:00,SE,-114.0608654,51.04135756,Pedestrian incident
Abbeydale Drive and 4 Avenue NE,2018-03-12 09:53:00,NE,-113.9307419,51.05491173,Pedestrian incident
64 Avenue and 4 Street NE,2018-03-11 22:33:00,NE,-114.0574201,51.11065449,Pedestrian incident
12 Avenue and 15 Street SW,2018-03-10 19:26:00,SW,-114.0968483,51.04237114,Pedestrian incident
Sun Valley Boulevard at Suncrest Way SE,2018-03-07 15:40:00,SE,-114.0372317,50.90622514,Pedestrian incident
17 Avenue at Sirroco Drive SW,2018-03-06 08:15:00,SW,-114.1701295,51.03761233,Pedestrian incident
Saddlemont Boulevard and Saddleland Drive NE,2018-03-05 06:39:00,NE,-113.9392094,51.12955966,Pedestrian incident
162 Avenue and Shawville Boulevard SE,2018-03-04 12:34:00,SE,-114.0656977,50.90405006,Pedestrian incident
6 Avenue and 4 Street SE,2018-02-28 16:15:00,NE,-114.0530619,51.04715668,Pedestrian incident
45 Street and 15 Avenue SW,2018-02-26 15:45:00,SW,-114.1526548,51.03971129,Pedestrian incident
Memorial Drive at 28 Street SE,2018-02-26 08:15:00,NE,-113.9917756,51.04891092,Pedestrian incident
8 Avenue at 55 Street SE,2018-02-24 18:44:00,NE,-113.9533535,51.0451886,Pedestrian incident
Westbound Memorial Drive at 9 Street NE,2018-02-22 16:31:00,NE,-114.0416286,51.04936407,Pedestrian incident
17 Avenue and 14 Street SW,2018-02-21 15:05:00,SW,-114.09471,51.03782418,Pedestrian incident
Southland Drive and Acadia Drive SE,2018-02-21 14:03:00,SE,-114.0484281,50.96398656,Pedestrian incident
Northbound Centre Street and 3 Avenue SE,2018-02-13 09:23:00,NE,-114.0626847,51.05028259,Pedestrian incident
Northbound Centret and 3 Avenue SE,2018-02-13 09:23:00,NE,-114.0627427,51.05030063,Pedestrian incident
6 Street and 5 Avenue SW,2018-02-08 08:34:00,NW,-114.0761076,51.04876354,Pedestrian incident
Eastbound 16 Avenue and 14 Street NW,2018-02-05 14:21:00,NW,-114.0960372,51.06701776,Pedestrian incident
Elbow Drive and Southampton Drive SW,2018-02-02 18:47:00,SW,-114.0847949,50.96064928,Pedestrian incident
4 Street and 64 Avenue NW,2018-01-31 18:45:00,NW,-114.0715556,51.1103317,Pedestrian incident
11 Avenue and 12 Street SE,2018-01-28 01:43:00,SE,-114.0358725,51.03975802,Pedestrian incident
24 Street and Woodview Drive SW,2018-01-26 06:20:00,SW,-114.1184862,50.9412981,Pedestrian incident
Auburn Bay Boulevard at Auburn Bay Heights SE,2018-01-23 06:59:00,SE,-113.9642426,50.88531611,Pedestrian incident
5 Street and 25 Avenue SW,2018-01-22 17:07:00,SW,-114.0733162,51.03058096,Pedestrian incident
64 Street at Bowness Road NW,2018-01-22 09:08:00,NW,-114.1818195,51.08650624,Pedestrian incident
44 Street at 19 Avenue SE,2018-01-20 10:42:00,SE,-113.9700142,51.03629125,Pedestrian incident
85 Street and Val Gardena Boulevard SW,2018-01-14 14:59:00,SW,-114.2114602,51.03337747,Pedestrian incident
Southbound 36 Street at 20 Avenue NE,2018-01-08 15:51:00,NE,-113.9822672,51.07152177,Pedestrian incident
20 Avenue and 4 Street NW,2018-01-05 11:49:00,NW,-114.0715397,51.07055874,Pedestrian incident
58 Avenue and 2 Street SW,2018-01-02 07:41:00,SE,-114.068609,51.00137711,Pedestrian incident
Berkshire Boulevard at Beddington Boulevard NW,2017-12-29 16:04:00,NW,-114.0891536,51.13355696,Pedestrian incident
12 Avenue and 4 Street SW,2017-12-22 08:42:00,SW,-114.0714808,51.04165908,Pedestrian incident
Southbound Elbow Drive at 89 Avenue SW,2017-12-18 14:39:00,SW,-114.0845042,50.97353024,Pedestrian incident
John Laurie Boulevard at Crowfoot Gate NW,2017-12-14 18:59:00,NW,-114.2000649,51.12964329,Pedestrian incident
Westbound Southland Drive at Bonaventure Drive SE,2017-12-14 08:44:00,SE,-114.0681173,50.96496013,Pedestrian incident
Falwood Cr and Falwood Wy NE,2017-12-13 14:58:00,NE,-113.9442838,51.09650005,Pedestrian incident
Coach Hill Road and Old Banff Coach Road SW,2017-12-11 07:29:00,NW,-114.1852331,51.06262955,Pedestrian incident
52 Street and 8 Avenue SE,2017-12-08 13:16:00,NE,-113.958757,51.04517544,Pedestrian incident
36 Street and 26 Avenue SE,2017-12-06 11:51:00,SE,-113.9816957,51.03052225,Pedestrian incident
4 Avenue and 1 Street SW,2017-12-05 22:17:00,NE,-114.0652334,51.04939957,Pedestrian incident
38 Street and 26 Avenue NE,2017-12-05 19:03:00,NE,-113.9780622,51.07788045,Pedestrian incident
37 Street at 16 Avenue SW,2017-12-04 10:20:00,SW,-114.1411226,51.03898611,Pedestrian incident
Country Village Road at Country Village Link NE,2017-12-04 08:47:00,NE,-114.0681849,51.16035173,Pedestrian incident
70 Avenue and Elbow Drive SW,2017-12-02 11:27:00,SW,-114.0831421,50.99052353,Pedestrian incident
McKenzie Towne Boulevard at Inverness Gate SE,2017-12-01 14:22:00,SE,-113.9647181,50.91630122,Pedestrian incident
Shawnee Gate and James Mckevitt Road SW,2017-12-01 13:10:00,SW,-114.0751332,50.9214025,Pedestrian incident
Heritage Drive at Haysboro Crescent SW,2017-11-30 16:13:00,SW,-114.0923779,50.97958065,Pedestrian incident
Sarcee Road and 45 Avenue SW,2017-11-27 15:19:00,SW,-114.138607,51.01380105,Pedestrian incident
John Laurie Boulevard and Arbour Lake Drive NW,2017-11-27 07:33:00,NW,-114.2044387,51.13318482,Pedestrian incident
1 Street and 7 Avenue SW,2017-11-27 06:35:00,NE,-114.0654118,51.04656546,Pedestrian incident
Macleod Trail and 7 Avenue SE,2017-11-25 20:56:00,NE,-114.0580424,51.04637499,Pedestrian incident
Macleod Trail and 4 Avenue SE,2017-11-24 18:35:00,NE,-114.0578415,51.04919005,Pedestrian incident
10 Avenue and 1 Street NW,2017-11-24 14:21:00,NE,-114.0650065,51.06157016,Pedestrian incident
44 Street and 8 Avenue SE,2017-11-23 09:03:00,NE,-113.9699965,51.04516322,Pedestrian incident
Copperstone Place and Copperstone Circle SE,2017-11-22 06:19:00,SE,-113.9326568,50.91672404,Pedestrian incident
Southbound Macleod Trail and Glenmore Trail SW,2017-11-21 10:04:00,SW,-114.072037,50.99442763,Pedestrian incident - Blocking lanes
54 Street and Dalhousie Drive NW,2017-11-20 07:54:00,NW,-114.1645657,51.10890014,Pedestrian incident
Edmonton Trail and 16 Avenue NE,2017-11-18 21:45:00,NE,-114.0561676,51.06684262,Pedestrian incident
8 Street at 8 Avenue SW,2017-11-13 19:34:00,NW,-114.0812386,51.0460602,Pedestrian incident
5 Avenue at 6 Street SW,2017-11-10 13:15:00,NW,-114.0761076,51.04876354,Pedestrian incident
Northbound 14 Street and 34 Avenue SW,2017-11-09 18:07:00,SW,-114.0946907,51.02319858,Pedestrian incident
Southbound Centre Street at 18 Avenue NW,2017-11-06 08:01:00,NE,-114.0625118,51.06880005,Pedestrian incident
Northbound 10 Street approaching 2 Avenue NW,2017-11-03 17:35:00,NW,-114.0859029,51.05405044,Pedestrian incident - Blocking lanes
Sandstone Drive and Berkshire Boulevard NW,2017-11-03 10:46:00,NW,-114.0892657,51.1338137,Pedestrian incident
7 Avenue and 5 Street SW,2017-11-03 00:34:00,NW,-114.0738126,51.04682089,Pedestrian incident
1 Street and 13 Avenue SW,2017-11-02 20:13:00,SE,-114.0658437,51.04054614,Pedestrian incident
13 Avenue at 7 Street SW,2017-11-02 09:49:00,SW,-114.0791386,51.04092922,Pedestrian incident
11 Street and 11 Avenue SW,2017-11-01 20:57:00,SW,-114.0888426,51.04309704,Pedestrian incident
Northbound 52 Street at 76 Avenue SE,2017-10-31 07:41:00,SE,-113.9589577,50.98510266,Pedestrian incident
40 Avenue and Northmount Drive NW,2017-10-30 10:05:00,NW,-114.0854903,51.08885011,Pedestrian incident
Rossburn Crescent and Rossmere Road SW,2017-10-30 09:22:00,NW,-114.1515328,51.04659548,Pedestrian incident
36 Street at 26 Avenue SE,2017-10-26 09:52:00,SE,-113.9816957,51.03052225,Pedestrian incident
Bermuda Drive and Bermuda Gate NW,2017-10-26 09:09:00,NW,-114.0747798,51.13037356,Pedestrian incident
Lake Acadia Road and Lake Bonavista Drive SE,2017-10-22 21:39:00,SE,-114.0449844,50.93665447,Pedestrian incident
Westbound 32 Avenue at 48 Street NE,2017-10-22 20:43:00,NE,-113.9636752,51.08176858,Pedestrian incident
Olympic Way and Saddledome Rise SE,2017-10-22 01:01:00,SE,-114.0526658,51.03780753,Pedestrian incident
10 Avenue and 1 Street SW,2017-10-21 21:40:00,SE,-114.0656616,51.04339518,Pedestrian incident
Falton Drive and Falshire Drive NE,2017-10-17 17:40:00,NE,-113.9409788,51.10652539,Pedestrian incident
Redstone Street and 128 Avenue NE,2017-10-17 09:09:00,NE,-113.9620939,51.16543278,Pedestrian incident
Westbound 16 Avenue and 4 Street NW,2017-10-16 23:26:00,NW,-114.0715976,51.06683751,Pedestrian incident
Eastbound 9 Avenue and 3 Street SW,2017-10-16 12:54:00,SE,-114.0704785,51.04480008,Pedestrian incident - Blocking lanes
Westbound 4 Avenue and Centre Street SW,2017-10-16 09:53:00,NE,-114.0627326,51.04932875,Pedestrian incident
Brentwood Road and Charleswood Drive NW,2017-10-14 20:06:00,NW,-114.1253664,51.08364474,Pedestrian incident
20 Avenue and 34 Street NE,2017-10-12 15:21:00,NE,-113.9855565,51.07136831,Pedestrian incident
Coral Springs Boulevard and Coral Reef Li NE,2017-10-08 18:18:00,NE,-113.9273217,51.10805996,Pedestrian incident
Millrise Drive at Millbank Drive SW,2017-10-04 11:32:00,SW,-114.0855633,50.91753748,Pedestrian incident
75 Avenue and Elbow Drive SW,2017-10-02 14:12:00,SW,-114.0831327,50.98601955,Pedestrian incident
Taravista Drive and Taralake Crescent NE,2017-09-29 20:15:00,NE,-113.9340648,51.12063739,Pedestrian incident
18 Avenue and Centre Street NE,2017-09-29 19:25:00,SE,-114.0636199,51.03699705,Pedestrian incident
Rundlehorn Drive and Rundleville Drive NE,2017-09-29 00:21:00,NE,-113.972002,51.07063364,Pedestrian incident
5 Avenue and 5 Street SW,2017-09-28 14:57:00,NW,-114.0736784,51.04869551,Pedestrian incident - Blocking lanes
12 Avenue and 14 Street SW,2017-09-27 10:23:00,SW,-114.0947425,51.04231471,Pedestrian incident
Eastbound Paliswood Wy at 22 Street SW,2017-09-26 10:46:00,SW,-114.1132008,50.9691964,Pedestrian incident
Richardson Way and Sarcee Road SW,2017-09-25 12:06:00,SW,-114.1388214,51.01251966,Pedestrian incident
14 Street at 23 Avenue SW,2017-09-21 09:36:00,SW,-114.0946887,51.03323583,Pedestrian incident
Erin Road and Erin Pl SE,2017-09-20 00:03:00,SE,-113.9644497,51.01568381,Pedestrian incident
15 Avenue at 5 Street SW,2017-09-19 10:12:00,SW,-114.0743467,51.03889502,Pedestrian incident
15 Avenue and 12 Street SW,2017-09-19 08:34:00,SW,-114.0915782,51.03937677,Pedestrian incident
162 Avenue and Shawville Boulevard SE,2017-09-16 14:41:00,SE,-114.0668503,50.90402792,Pedestrian incident
4 Avenue and 1 Street SE,2017-09-14 01:50:00,NE,-114.0603002,51.04925982,Pedestrian incident
Shawville Gate and Somervale Court SW,2017-09-11 21:22:00,SE,-114.0701292,50.89811078,Pedestrian incident
Southbound 52 Street and 16 Avenue NE,2017-09-11 11:34:00,NE,-113.9633108,51.0671044,Pedestrian incident
44 Avenue at Whiteram Way NE,2017-09-11 11:08:00,NE,-113.975407,51.09229548,Pedestrian incident
Panamount Hill and Panamount Boulevard NW,2017-09-11 09:50:00,NW,-114.07699,51.15923165,Pedestrian incident
17 Avenue and 47 Street SE,2017-09-10 14:13:00,SE,-113.9657561,51.0378294,Pedestrian incident
Centre Street and 19 Avenue NW,2017-09-10 13:18:00,NE,-114.0625131,51.06970837,Pedestrian incident
162 Avenue and Bridleridge Way SW,2017-09-09 22:23:00,SW,-114.11052,50.90640666,Pedestrian incident
64 Avenue and 4 Street NW,2017-09-09 00:46:00,NW,-114.0715556,51.1103317,Pedestrian incident
Heritage Drive and Fairview Drive SE,2017-09-08 16:39:00,SE,-114.063759,50.97956696,Pedestrian incident
Saddlecrest Circle and 89 Avenue NE,2017-09-08 15:38:00,NE,-113.9411471,51.13393616,Pedestrian incident
44 Street and 8 Avenue SE,2017-09-05 13:13:00,NE,-113.9699965,51.04516322,Pedestrian incident
Cedargrove Co and Cedargrove Pl SW,2017-09-04 20:03:00,SW,-114.1248844,50.95195056,Pedestrian incident
Southbound 52 Street at 26 Avenue NE,2017-08-26 02:20:00,NE,-113.9585037,51.07631642,Pedestrian incident
17 Avenue and 35 Street SE,2017-08-25 14:11:00,SE,-113.9831128,51.03788417,Pedestrian incident
194 Avenue and Chaparral Boulevard SE,2017-08-24 23:17:00,SE,-114.0251192,50.87779598,Pedestrian incident
Old Bannf Coach Road at Patterson Boulevard SW,2017-08-23 16:33:00,NW,-114.1799715,51.05995488,Pedestrian incident
Ogden Road and 16A Street SE,2017-08-23 12:47:00,SE,-114.0206426,51.01859729,Pedestrian incident
4 Avenue and 5 Street SW,2017-08-22 00:00:00,NW,-114.0735751,51.04963438,Pedestrian incident
17 Avenue and 7 Street SW,2017-08-21 14:10:00,SW,-114.0793581,51.03781286,Pedestrian incident
Heritage Meadows Wy and 11 Street SE,2017-08-19 01:31:00,SE,-114.0423932,50.9839673,Pedestrian incident
35 Street at 17 Avenue SE,2017-08-17 01:43:00,SE,-113.9831128,51.03788417,Pedestrian incident
Elbow Drive and Anderson Road SW,2017-08-15 13:19:00,SW,-114.0859755,50.95059162,Pedestrian incident
72 Avenue and 5 Street NW,2017-08-12 00:24:00,NW,-114.0735884,51.11770382,Pedestrian incident
Harvest Hills Boulevard and Country Hills Road NW,2017-08-11 16:21:00,NE,-114.069663,51.14223202,Pedestrian incident
Hidden Valley Drive and Hidden Valley Pl NW,2017-08-09 15:46:00,NW,-114.0971676,51.1445078,Pedestrian incident
Taradale Cl and Taradale Drive NE,2017-08-08 22:07:00,NE,-113.9446776,51.11414501,Pedestrian incident
9 Avenue at 1 Street SE,2017-08-03 15:53:00,SE,-114.0606369,51.04454076,Pedestrian incident
Southbound Crowchild Trail approaching 24 Avenue NW,2017-08-01 20:35:00,NW,-114.1194448,51.07443031,Pedestrian incident
Eastbound Lake Fraser Gate and Lake Fraser Drive SE,2017-07-26 22:03:00,SE,-114.0675198,50.93957999,Pedestrian incident
Westbound Memorial Drive at 10A Street NW,2017-07-24 18:47:00,NW,-114.0885779,51.05141454,Pedestrian incident
21 Street and 18 Avenue NE,2017-07-24 09:14:00,NE,-114.0090522,51.06892654,Pedestrian incident
Falconridge Boulevard and Falworth Way NE,2017-07-23 11:14:00,NE,-113.9525084,51.10519127,Pedestrian incident
30 Avenue and 29A Street SE,2017-07-22 21:11:00,SE,-113.9900793,51.02695064,Pedestrian incident
68 Street at Coral Springs Boulevard NE,2017-07-21 19:34:00,NE,-113.9352191,51.09907765,Pedestrian incident
Macleod Trail and 45 Avenue SW,2017-07-16 04:07:00,SE,-114.0659256,51.01288154,Pedestrian incident
17 Avenue and 52 Street SE,2017-07-15 15:46:00,SE,-113.9585022,51.03785554,Pedestrian incident - Road closed
Somerset Drive and Somercrest Cl SW,2017-07-13 20:59:00,SW,-114.0821066,50.90084024,Pedestrian incident
15A Street and 38 Avenue SE,2017-07-12 16:19:00,SE,-114.0236499,51.02015717,Pedestrian incident
4 Street and 42 Avenue NW,2017-07-12 09:34:00,NW,-114.0716029,51.09059193,Pedestrian incident
36 Street at 30 Avenue SE,2017-07-11 21:44:00,SE,-113.9820627,51.02694033,Pedestrian incident
Northbound Edmonton Trail at Memorial Drive NE,2017-07-06 17:27:00,NE,-114.0503355,51.05060185,Pedestrian incident - Blocking lanes
12 Avenue at 14 Street SW,2017-07-05 00:55:00,SW,-114.0947425,51.04231471,Pedestrian incident
1 Avenue and 9 Street NW,2017-07-02 02:44:00,NW,-114.0822388,51.05433679,Pedestrian incident
15 Street and 42 Avenue SW,2017-06-28 19:04:00,SW,-114.0975797,51.01604753,Pedestrian incident
Queensland Drive and Queen Anne Close SE,2017-06-28 16:59:00,SE,-114.0174055,50.93565164,Pedestrian incident
Westbound 4 Avenue at 5 Street SW,2017-06-28 14:21:00,NW,-114.0735751,51.04963438,Pedestrian incident
Royal Oak Drive and Royal Crest Vw NW,2017-06-27 22:08:00,NW,-114.2158343,51.14201228,Pedestrian incident
4 Street and 13 Avenue SW,2017-06-27 20:05:00,SW,-114.0714812,51.04071489,Pedestrian incident
Christie Knoll Green and Christie Knoll Heights SW,2017-06-24 14:34:00,SW,-114.1826946,51.04175175,Pedestrian incident
14 Street at 14 Avenue SW,2017-06-23 20:48:00,SW,-114.09471,51.04041493,Pedestrian incident
17 Avenue between 13 Street at 14 Street SW,2017-06-23 01:55:00,SW,-114.0937859,51.03783121,Pedestrian incident
10 Avenue and 5 Street SW,2017-06-22 22:19:00,SW,-114.0740119,51.04363076,Pedestrian incident
8 Street at 68 Avenue NE,2017-06-22 12:45:00,NE,-114.0446067,51.11575379,Pedestrian incident
Edgehill Drive and Edgemont Boulevard NW,2017-06-20 21:54:00,NW,-114.1547099,51.12176301,Pedestrian incident
9 Avenue at 11 Street SE,2017-06-20 15:17:00,SE,-114.0367684,51.04219459,Pedestrian incident
Penbrooke Drive at 5 Avenue SE,2017-06-18 23:54:00,NE,-113.9418384,51.04854614,Pedestrian incident
14 Street at 17 Avenue SW,2017-06-18 18:23:00,SW,-114.09471,51.03782418,Pedestrian incident
Center Street at 64 Avenue NW,2017-06-16 20:57:00,NE,-114.0630017,51.11066295,Pedestrian incident
69 Street at Springbank Terrace SW,2017-06-15 23:05:00,SW,-114.1919404,51.01776428,Pedestrian incident
12 Avenue at 1 Street SE,2017-06-14 01:09:00,SE,-114.0608654,51.04135756,Pedestrian incident
36 Avenue at 3 Street NE,2017-06-13 18:34:00,NE,-114.0547973,51.08497366,Pedestrian incident
Taradale Drive at Taralake View NE,2017-06-09 21:38:00,NE,-113.9309369,51.12295005,Pedestrian incident
Northbound 19 Street at 16 Avenue NW,2017-06-08 00:57:00,NW,-114.1063502,51.06690536,Pedestrian incident
84 Avenue at Bonaventure Drive SE,2017-06-05 18:12:00,SE,-114.0685423,50.97775711,Pedestrian incident
Evanston Wy at Evansglen Drive NW,2017-06-04 13:06:00,NW,-114.1005126,51.17680526,Pedestrian incident
4A Street at Cliffe Avenue SW,2017-06-03 05:18:00,SW,-114.0734529,51.01623114,Pedestrian incident
6 Avenue and 4 Street SW,2017-06-02 19:45:00,NW,-114.0714791,51.04768868,Pedestrian incident
6 Avenue at 14 Street NW,2017-06-01 18:50:00,NW,-114.0954846,51.05760797,Pedestrian incident
Eastbound Parkdale Bvld at 26 Street NW,2017-06-01 14:09:00,NW,-114.1230304,51.05317878,Pedestrian incident
25 Avenue at 1 Street SW,2017-06-01 02:46:00,SE,-114.0665691,51.03043667,Pedestrian incident
24 Street at Palliser Road SW,2017-05-30 16:41:00,SW,-114.1180236,50.969458,Pedestrian incident
Shawmeadows Close at Shawmeadows Gate SW,2017-05-29 10:32:00,SW,-114.0710096,50.91143237,Pedestrian incident
Trollinger Street at 60 Avenue NE,2017-05-28 21:47:00,NE,-114.0599234,51.10542954,Pedestrian incident
Eastbound Braeside Drive at 24 Street SW,2017-05-27 17:39:00,SW,-114.1180562,50.95418733,Pedestrian incident
Memorial Drive at Edmonton  Trail NE,2017-05-26 15:40:00,NE,-114.0503355,51.05060185,Pedestrian incident
17 Avenue SW and 14 Street SW,2017-05-25 17:25:00,SW,-114.09471,51.03782418,Pedestrian incident
Falconridge Boulevard at 64 Avenue NE,2017-05-20 19:04:00,NE,-113.9473403,51.11068937,Pedestrian incident
36 Street at Whitehorn Drive NE,2017-05-16 10:22:00,NE,-113.9819635,51.08496552,Pedestrian incident
Shaganappi Trail at 32 Avenue NW,2017-05-14 18:40:00,NW,-114.1526799,51.08152827,Pedestrian incident
Shawnesy Boulevard at Shawnessy Drive SW,2017-05-13 20:47:00,SW,-114.08275,50.91366116,Pedestrian incident
Woodridge Drive at Wood Crest Close SW,2017-05-13 14:53:00,SW,-114.1133795,50.93361797,Pedestrian incident
Citadel Drive at Citadel Meadow Bay NW,2017-05-11 09:39:00,NW,-114.1801396,51.14853135,Pedestrian incident
8 Avenue at Edmonton Trail NE,2017-05-10 15:59:00,NE,-114.0543557,51.05973603,Pedestrian incident
Ranchridge Way at Ranchview Drive NW,2017-05-09 20:03:00,NW,-114.1869799,51.12040159,Pedestrian incident
Canyon Meadows Drive at 6 Street SW,2017-05-06 14:38:00,SW,-114.0764003,50.93372173,Pedestrian incident
17 Avenue at 38 Street SE,2017-05-02 17:38:00,SE,-113.9786814,51.03784901,Pedestrian incident
Hawkcliff Way at Hawkcliff Gate NW,2017-04-30 16:48:00,NW,-114.165351,51.12699093,Pedestrian incident
Centre Street at 7 Avenue SW,2017-04-23 04:41:00,NE,-114.0629214,51.04649428,Pedestrian incident
Mahogany Drive at 52 Street SE,2017-04-22 14:51:00,SE,-113.9426104,50.89103518,Pedestrian incident
Panatella Boulevard at Panton Gate NW,2017-04-18 10:10:00,NW,-114.0864177,51.16932033,Pedestrian incident
1 Street at 5 Avenue SE,2017-04-15 18:22:00,NE,-114.060367,51.04831937,Pedestrian incident
52 Street at McIvor Boulevard SE,2017-04-14 13:58:00,SE,-113.952166,50.9130255,Pedestrian incident - Road closed
Saddletowne Ci at 80 Avenue NE,2017-04-11 23:09:00,NE,-113.9501258,51.12524604,Pedestrian incident
25 Avenue at 4 Street SW,2017-04-11 19:10:00,SW,-114.0715085,51.03057795,Pedestrian incident
Aero Drive at 19 Street NE,2017-04-09 23:17:00,NE,-114.0132449,51.13752241,Pedestrian incident
16 Avenue and 47 Street SE,2017-04-08 04:50:00,SE,-113.9657549,51.03939181,Pedestrian incident
Dalhousie Drive at Dalton Drive NW,2017-04-07 16:54:00,NW,-114.1547819,51.10477952,Pedestrian incident
16 Street at 2 Avenue NW,2017-04-01 13:12:00,NW,-114.0977859,51.05444807,Pedestrian incident
1 Avenue and 9 Street NW,2017-03-30 12:55:00,NW,-114.0822388,51.05433679,Pedestrian incident
Douglasdale Boulevard at Douglas Woods Drive SE,2017-03-29 09:03:00,SE,-114.0030472,50.94302713,Pedestrian incident
Macleod Trail at 4 Avenue SE,2017-03-28 15:59:00,NE,-114.0578415,51.04919005,Pedestrian incident
10 Avenue at Centre Street SE,2017-03-23 10:16:00,SE,-114.0631895,51.04331051,Pedestrian incident
Centre Street at 10 Avenue SE,2017-03-20 10:18:00,SE,-114.0631611,51.04332428,Pedestrian incident
58 Avenue between 5 Street and Elbow Drive SW,2017-03-16 08:38:00,SW,-114.0761974,51.00137132,Pedestrian incident
90 Avenue at Barlow Trail SE,2017-03-10 17:18:00,SE,-113.9824058,50.97232841,Pedestrian incident
98 Avenue at 19 Street SW,2017-03-06 08:36:00,SW,-114.1063576,50.96501086,Pedestrian incident
Southbound 8 Street at 15 Avenue SW,2017-03-03 10:22:00,SW,-114.0817235,51.03910144,Pedestrian incident
19 Street at 8 Avenue NE,2017-02-27 08:28:00,NE,-114.0132979,51.05960462,Pedestrian incident
Macleod Trail at 6 Avenue SE,2017-02-24 09:22:00,NE,-114.0579758,51.04730627,Pedestrian incident
51 Street at 33 Avenue SW,2017-02-21 19:39:00,SW,-114.1609909,51.02388523,Pedestrian incident
Rocky Ridge Drive south of Rocky Valley Drive NW,2017-02-21 16:40:00,NW,-114.2528057,51.14875017,Pedestrian incident
36 Street at Whitehorn Drive NE,2017-02-20 20:33:00,NE,-113.9819635,51.08496552,Pedestrian incident - Road closed
Chaparral Boulevard at Chaparral Ridge Drive SE,2017-02-20 09:53:00,SE,-114.0246305,50.88589974,Pedestrian incident
Centre Street at 3 Avenue S,2017-02-20 00:16:00,NE,-114.0626847,51.05028259,Pedestrian incident
Auburn Shore Way and Auburn Bay Avenue SE,2017-02-17 17:08:00,SE,-113.9531033,50.89306368,Pedestrian incident
11 Avenue at 9 Street SW,2017-02-16 17:33:00,SW,-114.0839233,51.04295783,Pedestrian incident
Lakeview Drive at 37 Street SW,2017-02-15 23:27:00,SW,-114.141015,51.00670595,Pedestrian incident
Eastbound McKnight Boulevard at Centre Street NE,2017-02-15 22:57:00,NE,-114.0624275,51.09610336,Pedestrian incident
Sunridge Way at 32 Street NE,2017-02-15 13:48:00,NE,-113.9892824,51.06904596,Pedestrian incident
Heritage Drive and Fairmount Drive SE,2017-02-14 09:20:00,SE,-114.0599418,50.97951019,Pedestrian incident
Northbound Deerfoot Trail north of Peigan Trail SE,2017-02-10 11:47:00,SE,-114.0052562,51.01500138,Pedestrian incident - Blocking lanes
Old Banff Coach Road and 77 Street SW,2016-12-19 18:28:00,NW,-114.1994418,51.0669589,Pedestrian incident
Northbound Falconridge Boulevard at Castleridge Boulevard NE,2016-12-19 14:06:00,NE,-113.9582702,51.099594,Pedestrian incident
Southbound Macleod Trail at 94 Avenue SE,2016-12-17 17:36:00,SW,-114.0717069,50.96863223,Pedestrian incident
20 Street at 33 Avenue SW,2016-12-16 14:38:00,SW,-114.1094459,51.0239865,Pedestrian incident
16 Avenue at 19 Street NE,2016-12-12 12:03:00,NE,-114.0140245,51.06703722,Pedestrian incident
McIvor Boulevard and Copperstone Gate SE,2016-12-08 20:48:00,SE,-113.9377586,50.91436701,Pedestrian incident
17 Avenue at 11 Street SW,2016-12-08 09:11:00,SW,-114.0900453,51.0378177,Pedestrian incident
57 Avenue and 5 Street SW,2016-12-07 18:56:00,SW,-114.0764393,51.00246343,Pedestrian incident
14 Street and 25 Avenue SW,2016-12-07 14:08:00,SW,-114.0946843,51.03144525,Pedestrian incident
